symbol,cik,events
OPK,0000944809,388
TIPT,0001393726,328
DGICA,0000800457,172
AAT,0001500217,166
VOXX,0000807707,165
CWGL,0001562151,152
KFS,0001072627,148
SAFE,0001688852,145
CNBKA,0000812348,141
GABC,0000714395,136
MPB,0000879635,132
CCD,0001602584,131
GBDC,0001476765,129
FFIN,0000036029,128
PSEC,0001287032,126
BIGZ,0001836057,125
ECAT,0001864843,125
BWFG,0001505732,121
HSON,0001210708,115
CSBB,0000880417,114
NMFC,0001496099,109
TTSH,0001552800,108
CLMS,0001299033,107
PBF,0001534504,103
MTDR,0001520006,102
PFBX,0000770460,101
BBDC,0001379785,101
SPKE,0001606268,100
STFC,0000874977,99
MMAC,0001003201,99
FMNB,0000709337,99
EPD,0001061219,97
JMP,0001302350,96
NEWT,0001587987,96
AXDX,0000727207,93
UFI,0000100726,93
KDP,0001418135,93
GAM,0000040417,92
CODI,0001345126,90
BCBP,0001228454,89
MLVF,0001550603,89
FSK,0001422183,89
DMLP,0001172358,88
TRST,0000357301,86
AGFS,0001592016,86
NICK,0001000045,86
APLE,0001418121,84
NYC,0001595527,84
AMH,0001562401,83
NRIM,0001163370,83
COTY,0001024305,83
OVLY,0001431567,83
FUND,0000825202,82
FPI,0001591670,82
SYBT,0000835324,81
SXCP,0001555538,81
SONA,0001325670,81
RKT,0001805284,81
HCAP,0001559909,80
PCB,0001423869,79
CMTV,0000718413,78
RILY,0001464790,78
GLSI,0001799788,78
EMO,0001517518,77
FXNC,0000719402,75
KMI,0001506307,75
SSP,0000832428,74
ASA,0001230869,74
BKSC,0001007273,73
GCBC,0001070524,73
BRT,0000014846,72
AIRT,0000353184,72
APPN,0001441683,72
NRGX,0001756908,72
TELA,0001561921,72
HQI,0001140102,72
MNR,0000067625,71
BUSE,0000314489,71
OLBK,0001253317,70
FRST,0001325670,69
FSIC,0001422183,68
YORW,0000108985,67
ISBA,0000842517,67
TEX,0000097216,67
TSC,0001380846,67
CZWI,0001367859,67
AXR,0000006207,67
SHLD,0001310067,66
CAPL,0001538849,66
LE,0000799288,66
CMCT,0000908311,66
ENX,0001177162,66
TCBI,0001077428,65
CBKM,0001006830,65
SYNL,0000095953,64
PDVW,0001304492,64
EML,0000031107,64
VPG,0001487952,64
ATNX,0001300699,64
ET,0001276187,64
CZNC,0000810958,63
RDUS,0001428522,63
RIT,0001173557,63
MAV,0001258943,63
TURN,0000893739,63
CSPI,0000356037,63
NWBI,0001471265,62
PWOD,0000716605,62
NKSH,0000796534,62
FEIM,0000039020,62
CWH,0001669779,62
MACK,0001274792,61
BOTJ,0001275101,61
GRX,0001391437,61
AYR,0001362988,61
BCAT,0001809541,61
BOCH,0000702513,60
CBFV,0001605301,60
CLF,0000764065,60
APO,0001411494,60
UIHC,0001401521,60
GLP,0001323468,60
GNTY,0001058867,60
PNNT,0001383414,59
NXRT,0001620393,59
FRAF,0000723646,59
WTBA,0001166928,59
WLKP,0001604665,59
NWFL,0001013272,58
FMBM,0000740806,58
NATR,0000275053,58
EHI,0001228509,58
FAV,0001403275,58
MHI,0001223026,58
CRCT,0001828962,58
CSWC,0000017313,57
ATLO,0001132651,57
CSV,0001016281,57
NXDT,0001356115,57
GFN,0001342287,56
SPOK,0001289945,56
UPLD,0001505155,55
CCUR,0000749038,55
ARCC,0001287750,55
PBHC,0001609065,55
GRNT,0001928446,55
EVM,0001177161,55
TRC,0000096869,54
BCOV,0001313275,54
FNB,0000037808,54
FLDM,0001162194,54
BMEZ,0001785971,54
ALTG,0001759824,54
SPE,0000897802,53
RRTS,0001440024,53
CVLY,0000806279,53
NGM,0001426332,53
JYNT,0001612630,52
RM,0001519401,52
FNWB,0001556727,52
LAWS,0000703604,52
MYE,0000069488,52
UMH,0000752642,52
DKL,0001552797,52
OSBC,0000357173,52
TSI,0000809559,51
CMT,0001026655,51
KYN,0001293613,51
MPA,0000891038,51
MOFG,0001412665,51
GF,0000858706,51
MYOV,0001679082,51
MIC,0001289790,51
FISI,0000862831,50
NHS,0001487610,50
LOB,0001462120,50
HT,0001063344,50
WHF,0001552198,50
PINE,0001786117,50
MMLP,0001176334,49
CFFN,0001490906,49
GLQ,0001316463,49
ACNB,0000715579,49
HTLD,0000799233,49
TLYS,0001524025,49
OPBK,0001722010,49
NVCT,0001875558,49
ORI,0000074260,48
SVVC,0001495584,48
MERC,0001333274,48
GOOD,0001234006,48
SCM,0001551901,48
GWRS,0001434728,48
HVBC,0001594555,48
OTEL,0001288359,48
DISH,0001001082,48
NREF,0001786248,48
GSBD,0001572694,47
PFIS,0001056943,47
TSLX,0001508655,47
QNBC,0000750558,47
STAA,0000718937,47
TBBK,0001295401,47
PCF,0000810943,47
MDRR,0001654595,47
PHD,0001305767,47
HCOM,0001487986,46
EFSI,0000880641,46
RYI,0001481582,46
HRZN,0001487428,46
CEN,0001576340,46
BSM,0001621434,46
UVSP,0000102212,46
HWBK,0000893847,46
AGC,0001391461,46
CBAN,0000711669,46
GIM,0000828803,46
BY,0001702750,46
DBD,0000028823,46
ESQ,0001531031,46
VST,0001692819,46
ASYS,0000720500,45
GER,0001612875,45
FAST,0000815556,45
FSP,0001031316,45
FBNC,0000811589,45
CCNE,0000736772,45
FLKS,0001615219,45
GEL,0001022321,45
CHN,0000845379,45
BRBS,0000842717,45
BLFY,0001846017,45
BHLB,0001108134,44
FRD,0000039092,44
WPT,0001574963,44
TCPC,0001370755,44
CIVB,0000944745,44
SFBC,0001541119,44
CET,0000018748,44
DFRG,0001415301,44
SMMF,0000811808,44
SBH,0001368458,44
ABR,0001253986,44
JELD,0001674335,44
ACR,0001332551,44
PEO,0000216851,43
CTBI,0000350852,43
AMRC,0001488139,43
HCI,0001400810,43
BPRN,0001913971,43
FIX,0001035983,42
CPTA,0001571329,42
UVE,0000891166,42
PIH,0001591890,42
CTRN,0001318484,42
RNDB,0001667161,42
CLBK,0001723596,42
SMM,0001534293,42
SCWX,0001468666,42
MEGI,0001855066,42
RWAY,0001653384,42
WIW,0001267902,41
NSEC,0000865058,41
HMST,0001518715,41
FDBC,0001098151,41
CHMG,0000763563,41
PEB,0001474098,41
PGC,0001050743,41
BDGE,0000846617,41
STON,0001286131,41
CTR,0001547341,41
GDL,0001378701,41
GRF,0000850027,41
ETM,0001067837,41
NS,0001110805,41
EQBK,0001227500,41
ULBI,0000875657,41
TRIN,0001786108,41
PFX,0001490349,41
BFZ,0001137391,41
HEES,0001339605,40
FMAO,0000792966,40
JCAP,0001622353,40
ASPS,0001462418,40
SRG,0001628063,40
CEM,0001488775,40
MGM,0000789570,40
SWZ,0000813623,40
COMM,0001517228,40
GBLI,0001494904,40
JGV,0001363421,40
TICC,0001259429,40
PHF,0000837951,40
CCEL,0000862692,40
ELAN,0001739104,40
BSBK,0001787414,40
MIO,0001864290,40
OFC,0000860546,39
MXF,0000065433,39
TBK,0001539638,39
LMRK,0001615346,39
MCC,0001490349,39
TPVG,0001580345,39
DDR,0000894315,39
VBTX,0001501570,39
RGT,0001514490,39
IO,0000866609,39
HRTG,0001598665,39
HBT,0000775215,39
SOFI,0001818874,39
BXSY,0001059213,39
FFBC,0000708955,38
LKFN,0000721994,38
PLBC,0001168455,38
SLRC,0001418076,38
OFG,0001030469,38
CVCY,0001127371,38
LBAI,0000846901,38
HASI,0001561894,38
VABK,0001572334,38
AMBC,0000874501,38
SMLP,0001549922,38
FBK,0001649749,38
TDF,0000919893,38
LAZY,0001721741,38
OCSL,0001414932,38
BATRA,0001560385,38
XOMA,0000791908,38
ICMB,0001578348,38
AVBC,0002058758,38
SFNC,0000090498,37
PPBI,0001028918,37
IHRT,0001400891,37
BKGM,0001527383,37
KRO,0001257640,37
KN,0001587523,37
NSH,0001223786,37
HTBK,0001053352,37
EARN,0001560672,37
PENN,0000921738,37
TRN,0000099780,37
PRGX,0001007330,37
CGBD,0001544206,37
ODT,0001717452,37
RUN,0001469367,37
CULP,0000723603,37
EVER,0001640428,37
MAC,0000912242,37
RMAX,0001581091,37
CION,0001534254,37
QRHC,0001442236,37
FBIZ,0001521951,36
DWCH,0000792130,36
ICBK,0001470205,36
GE,0000040545,36
ABDC,0001578620,36
EDI,0001551040,36
WSBC,0000203596,36
BNED,0001634117,36
PFLT,0001504619,36
FRGI,0001534992,36
MBCN,0000836147,36
REV,0000887921,36
PLSE,0001625101,36
RBB,0001499422,36
LNDC,0001005286,36
SSSS,0001509470,36
ONEW,0001772921,36
FSBC,0001275168,36
SUNS,0002012706,36
INBK,0001562463,35
GLPI,0001575965,35
BVSN,0000920448,35
NFBK,0001493225,35
FGBI,0001408534,35
RRGB,0001171759,35
PKBK,0001315399,35
WOW,0001701051,35
RDVT,0001720116,35
SIX,0000701374,35
ATEX,0001304492,35
WIA,0001254370,34
DAL,0000027904,34
IRET,0000798359,34
ISTR,0001602658,34
TTS,0001552800,34
AHH,0001569187,34
NGL,0001504461,34
LGF,0000929351,34
SUP,0000095552,34
UNVR,0001494319,34
FKYS,0000737875,34
DM,0001603286,34
HPP,0001482512,34
ESXB,0001323648,34
ESPR,0001434868,34
RGCO,0001069533,34
ASIX,0001673985,34
SBOW,0000351817,34
MNI,0001056087,34
GPMT,0001703644,34
LILA,0001712184,34
MRBK,0001750735,34
CADE,0001614184,34
RMCF,0001616262,34
VFL,0000895574,34
ERC,0001227073,33
SFST,0001090009,33
HBAN,0000049196,33
SBSI,0000705432,33
TEP,0001569134,33
ORRF,0000826154,33
TREC,0000007039,33
PEBO,0000318300,33
FSTR,0000352825,33
AWF,0000906013,33
THFF,0000714562,33
SMBK,0001038773,33
MSBI,0001466026,33
ECA,0001157806,33
BGIO,0001691433,33
UBFO,0001137547,33
XFLT,0001703079,33
REZI,0001740332,33
NFE,0001749723,33
AMEH,0001083446,33
RANI,0001856725,33
GUG,0001864208,33
NQP,0000870780,33
CRR,0001009672,32
MBTF,0001118237,32
CLFD,0000796505,32
PFS,0001178970,32
CWBC,0001051343,32
IMH,0001000298,32
GTT,0001315255,32
VIRT,0001592386,32
OHI,0000888491,32
AVK,0001219120,32
CIO,0001593222,32
SOR,0000091847,32
HQL,0000884121,32
FLXS,0000037472,32
ATEC,0001350653,32
WEST,0001806347,32
BATRA,0001958140,32
SRBK,0001951276,32
SFBS,0001430723,31
IBTX,0001564618,31
BHB,0000743367,31
WAIR,0001378718,31
TROX,0001530804,31
CLR,0000732834,31
TCRD,0001464963,31
GAIN,0001321741,31
IVAC,0001001902,31
ECC,0001604174,31
TRCB,0001343034,31
BANC,0001169770,31
CECE,0000003197,31
FUNC,0000763907,31
FOLD,0001178879,31
OPOF,0000740971,31
AGO,0001273813,31
INTC,0000050863,31
USQIX,0001691570,31
MBIN,0001629019,31
FNKO,0001704711,31
OCSI,0001577791,31
BCSF,0001655050,31
ATSG,0000894081,31
XAIR,0001641631,31
JUVF,0000714712,31
VTA,0001393662,31
LAZR,0001758057,31
HLF,0001180262,31
ISSC,0000836690,31
DMA,0001523289,31
TPHS,0000724742,30
EBTC,0001018399,30
RNST,0000715072,30
KEY,0000091576,30
FARM,0000034563,30
CNX,0001070412,30
GOGO,0001537054,30
TISI,0000318833,30
BANX,0001578987,30
FLWS,0001084869,30
KRNY,0001617242,30
AVDL,0001012477,30
ENR,0001632790,30
GECC,0001675033,30
WSC,0001647088,30
DLHC,0000785557,30
BFST,0001624322,30
PRGO,0001585364,30
WMPN,0001828376,30
REPX,0001001614,30
MATV,0001000623,30
NXJ,0001087786,30
GMZ,0001579762,29
PMT,0001464423,29
JMBA,0001316898,29
GARS,0001509892,29
HBCP,0001436425,29
NWL,0000814453,29
ATAX,0001059142,29
GOF,0001380936,29
GPX,0000070415,29
ERI,0001590895,29
CNOB,0000712771,29
PACW,0001102112,29
PATI,0001616741,29
IDSY,0000049615,29
SELF,0001031235,29
LGF.B,0000929351,29
ARNC,0000004281,29
CNNE,0001704720,29
RMI,0001746967,29
RAND,0000081955,29
SNSE,0001829802,29
ACDC,0001881487,29
ADX,0000002230,28
BZH,0000915840,28
CPSS,0000889609,28
GLO,0001350869,28
FMBH,0000700565,28
HBMD,0001390162,28
NLY,0001043219,28
CCBG,0000726601,28
RESI,0001555039,28
PAGP,0001581990,28
MB,0001458962,28
UFCS,0000101199,28
HOMB,0001331520,28
CAC,0000750686,28
IBCP,0000039311,28
SNV,0000018349,28
KINS,0000033992,28
CHCT,0001631569,28
SHBI,0001035092,28
IMMR,0001058811,28
JOE,0000745308,28
SIC,0001723866,28
COFS,0000803164,28
OEC,0001609804,28
FSFR,0001577791,27
NFJ,0001260563,27
TIME,0001591517,27
GLAD,0001143513,27
IVR,0001437071,27
CCRN,0001141103,27
TDW,0000098222,27
NEOG,0000711377,27
AVID,0000896841,27
GRBK,0001373670,27
PAH,0001590714,27
BSET,0000010329,27
CSU,0001043000,27
OLN,0000074303,27
ARR,0001428205,27
TPB,0001290677,27
LMB,0001606163,27
CRBP,0001595097,27
JANL,0001133062,27
VERI,0001615165,27
FUSB,0000717806,27
LCNB,0001074902,27
GTES,0001718512,27
TCDA,0001595585,27
LCRDX,0001753712,27
DCTH,0000872912,27
SHEN,0000354963,27
REFLX,0001896329,27
FG,0001934850,27
ZEUS,0000917470,26
CONN,0001223389,26
STKL,0000351834,26
STL,0001070154,26
ABCB,0000351569,26
CLMT,0001340122,26
DHG,0001375387,26
TRS,0000842633,26
MSBF,0001635261,26
AVD,0000005981,26
FLXN,0001419600,26
IESC,0001048268,26
ALDX,0001341235,26
FTF,0001233087,26
BPFH,0000821127,26
SBPH,0001566373,26
TEAF,0001704299,26
FORA,0001829280,26
THRY,0001556739,26
DNUT,0001857154,26
NMAI,0001861115,26
OCIP,0001578932,25
TWO,0001465740,25
XRM,0001287151,25
CLDB,0000774569,25
REGI,0001463258,25
DOC,0001574540,25
JRO,0001289213,25
BRKL,0001049782,25
NSA,0001618563,25
HTLF,0000920112,25
WSR,0001175535,25
NEWM,0001579684,25
KEF,0000912023,25
RCII,0000933036,25
HUN,0001307954,25
NBTB,0000790359,25
CC,0001627223,25
MTW,0000061986,25
FCBP,0001716697,25
EOLS,0001570562,25
CFBK,0001070680,25
SPLP,0001452857,25
MNSB,0001693577,25
PBBK,0001849670,25
SNDA,0001043000,25
FNWD,0000919864,25
NBBK,0001979330,25
ALCO,0000003545,24
LMNR,0001342423,24
PN,0001619917,24
VIVO,0000794172,24
FCF,0000712537,24
UBSI,0000729986,24
FFWM,0001413837,24
SBCP,0001599891,24
FIBK,0000860413,24
CRC,0001609253,24
KOP,0001315257,24
S,0000101830,24
MCI,0000275694,24
APTS,0001481832,24
HBI,0001359841,24
DDD,0000910638,24
VEC,0001601548,24
KW,0001408100,24
F,0000037996,24
BID,0000823094,24
KTOS,0001069258,24
SM,0000893538,24
APPF,0001433195,24
GPP,0001635650,24
LPG,0001596993,24
DNP,0000806628,24
SEE,0001012100,24
FCPT,0001650132,24
JAX,0001617227,24
BW,0001630805,24
HWCC,0001356949,24
AC,0001642122,24
CSTR,0001676479,24
BSRR,0001130144,24
LIVE,0001045742,24
CSFL,0001102266,24
BBW,0001113809,24
COLB,0000887343,24
PLAY,0001525769,24
RC,0001527590,24
HI,0001417398,24
EVF,0001070732,24
UTZ,0001739566,24
CMPO,0001823144,24
MICS,0000923601,24
STBA,0000719220,23
DNBF,0000713671,23
PPR,0000826020,23
PMBC,0001109546,23
PDM,0001042776,23
GHL,0001282977,23
UBCP,0000731653,23
BRX,0001581068,23
EIG,0001379041,23
LARK,0001141688,23
MPAA,0000918251,23
ANCX,0001176316,23
VBFC,0001290476,23
ESNT,0001448893,23
GLDD,0001372020,23
LJPC,0000920465,23
FTAI,0001590364,23
AMNB,0000741516,23
EVA,0001592057,23
ARL,0001102238,23
WLDN,0001370450,23
LC,0001409970,23
STOR,0001538990,23
OCUL,0001393434,23
EMYB,0001449794,23
LNG,0000003570,23
FOR,0001406587,23
CVNA,0001690820,23
CDLX,0001666071,23
RBNC,0001606440,23
RCUS,0001724521,23
OCFC,0001004702,23
TGE,0001633651,23
MTEM,0001183765,23
LEVL,0001412707,23
IGR,0001268884,23
WTRE,0001601669,23
MEC,0001766368,23
GO,0001771515,23
KSM,0000846596,23
MDIA,0001784254,23
HROW,0001360214,23
HIE,0001519505,23
NHF,0001356115,23
TCBX,0001781730,23
EHAB,0001803737,23
BAS,0001109189,22
GPRE,0001309402,22
FGP,0000922358,22
X,0001163302,22
WD,0001497770,22
TYG,0001268533,22
QCRH,0000906465,22
SHOS,0001548309,22
ODC,0000074046,22
KHI,0000830160,22
FSD,0001494530,22
MG,0001436126,22
DSPG,0000915778,22
FCAP,0001070296,22
AES,0000874761,22
CTO,0000023795,22
CNSL,0001304421,22
GMS,0001600438,22
WMB,0000107263,22
CUBA,0000880406,22
PCSB,0001691337,22
AE,0000002178,22
DEX,0001396167,22
GAIA,0001089872,22
STXB,0001499453,22
FAT,0001705012,22
FROPX,0001732078,22
OXY,0000797468,22
HEAR,0001493761,22
AHCO,0001725255,22
BHVN,0001935979,22
JMSB,0001710482,22
SLND,0001883814,22
VTN,0000883265,22
VPV,0000895528,22
SLCA,0001524741,21
KODK,0000031235,21
MRTX,0001576263,21
RAIL,0001320854,21
CUTR,0001162461,21
CAKE,0000887596,21
VNOM,0001602065,21
RAVN,0000082166,21
GLV,0001288795,21
CLDT,0001476045,21
ALEX,0001545654,21
SGA,0000886136,21
TACO,0001585583,21
HIX,0001058239,21
VTVT,0001641489,21
BYBK,0000859222,21
CNFR,0001502292,21
ACRS,0001557746,21
NNBR,0000918541,21
PRTY,0001592058,21
CEQP,0001136352,21
LCI,0000057725,21
MVBF,0001277902,21
OPNT,0001385508,21
MX,0001325702,21
AYX,0001689923,21
BXC,0001301787,21
SMPL,0001702744,21
UEPS,0001041514,21
PRVB,0001695357,21
FSLF,0001583001,21
REYN,0001786431,21
SAII,0001816048,21
MOND,0001828852,21
PVBC,0001778784,21
RXO,0001929561,21
CKX,0000352955,20
ONB,0000707179,20
SBBX,0001028954,20
T,0000732717,20
MDU,0000067716,20
NMIH,0001547903,20
FNLC,0000765207,20
NTG,0001490286,20
FCCO,0000932781,20
GFF,0000050725,20
ASUR,0000884144,20
USAK,0000883945,20
ASB,0000007789,20
CPF,0000701347,20
ISD,0001534880,20
FFIC,0000923139,20
HZN,0001637655,20
EFSC,0001025835,20
PKOH,0000076282,20
ABTX,0001642081,20
RCKY,0000895456,20
BRS,0000073887,20
UBP,0001029800,20
CAR,0000723612,20
EVBN,0000842518,20
ASFI,0001001258,20
MOS,0001285785,20
FCBC,0000859070,20
CRK,0000023194,20
BFS,0000907254,20
RMBL,0001596961,20
BWB,0001341317,20
PRPL,0001643953,20
TALO,0001724965,20
MCFT,0001638290,20
XCLIX,0001721413,20
BSTZ,0001768666,20
RAPT,0001673772,20
AFBI,0001823406,20
RSVR,0001824403,20
VFC,0000103379,20
CRGY,0001866175,20
ZYME,0001937653,20
USCB,0001901637,20
DMF,0000839122,20
SCISX,0002015849,20
JGW,0001580185,19
CDNA,0001217234,19
TNXP,0001430306,19
ESSA,0001382230,19
PE,0001594466,19
AGCO,0000880266,19
AROW,0000717538,19
SEAS,0001564902,19
ENBL,0001591763,19
JRVR,0001620459,19
JASN,0001579252,19
LAYN,0000888504,19
HIIQ,0001561387,19
SFE,0000086115,19
GHY,0001554697,19
PBPB,0001195734,19
GBCI,0000868671,19
CTL,0000018926,19
DPG,0001515671,19
FNRN,0001114927,19
QUOT,0001115128,19
CQP,0001383650,19
OMF,0001584207,19
LCUT,0000874396,19
RETA,0001358762,19
FNCB,0001035976,19
GMRE,0001533615,19
GME,0001326380,19
GTN,0000043196,19
SPWR,0000867773,19
LSXMK,0001560385,19
PBFX,0001582568,19
KALV,0001348911,19
SPRO,0001701108,19
VRCA,0001660334,19
MGY,0001698990,19
CCR,0001637558,19
CPS,0001320461,19
MIRM,0001759425,19
NOVA,0001772695,19
THR,0001489096,19
AEYE,0001362190,19
ASGI,0001793855,19
ATCX,0001751143,19
DCOM,0000846617,19
LNKB,0001756701,19
VSTS,0001967649,19
OVAS,0001544227,18
WAFD,0000936528,18
USAP,0000931584,18
INOV,0001619954,18
SLCT,0001263762,18
WSTG,0000945983,18
HBNC,0000706129,18
BRKR,0001109354,18
CTT,0001341141,18
LKQ,0001065696,18
FMO,0001305197,18
DCOM,0001005409,18
PCI,0001558629,18
DX,0000826675,18
BJRI,0001013488,18
HTGC,0001280784,18
VLY,0000714310,18
CORR,0001347652,18
IDI,0001460329,18
EBMT,0001478454,18
BKD,0001332349,18
LGCY,0001358831,18
FCCY,0001141807,18
SGMS,0000750004,18
AAOI,0001158114,18
PJT,0001626115,18
DAR,0000916540,18
TCFC,0000855874,18
SCOR,0001158172,18
FHN,0000036966,18
AGR,0001634997,18
GCAP,0001444363,18
SRCE,0000034782,18
CORT,0001088856,18
HOME,0001646228,18
BECN,0001124941,18
TRNC,0001593195,18
BGSF,0001474903,18
RVSB,0001041368,18
MNK,0001567892,18
JFC,0000888137,18
LSXMA,0001560385,18
WHLM,0001013706,18
DOVA,0001685071,18
MSF,0000878929,18
HAIN,0000910406,18
CATM,0001671013,18
UEIC,0000101984,18
MCY,0000064996,18
EQT,0000033213,18
MSVB,0001734875,18
INFU,0001337013,18
ATGE,0000730464,18
FRG,0001528930,18
AVO,0001802974,18
IMNM,0001472012,18
HPK,0001792849,18
TMCI,0001630627,18
LSEA,0001721386,18
VERA,0001831828,18
CVRX,0001235912,18
CWAN,0001866368,18
FLNC,0001868941,18
HHS,0000045919,18
LEE,0000058361,18
MLP,0000063330,18
ISDR,0000843006,17
NBBC,0000714530,17
XON,0001356090,17
GHM,0000716314,17
WFBI,0001476264,17
RYN,0000052827,17
EBIX,0000814549,17
NRZ,0001556593,17
CFG,0000759944,17
GM,0001467858,17
NYCB,0000910073,17
BKCC,0001326003,17
PBIP,0001578776,17
GSVC,0001509470,17
OFIX,0000884624,17
EMCF,0000858800,17
FNBG,0001163199,17
MUJ,0001053988,17
JAKK,0001009829,17
UTG,0001263994,17
PHX,0000315131,17
THC,0000070318,17
SBFG,0000767405,17
ECF,0000793040,17
CZFS,0000739421,17
RVT,0000804116,17
CVBF,0000354647,17
EAT,0000703351,17
MTSC,0000068709,17
MDCO,0001113481,17
BELFB,0000729580,17
EIGR,0001305253,17
IVZ,0000914208,17
MLI,0000089439,17
KRP,0001657788,17
JFR,0001276533,17
AIRG,0001272842,17
BTU,0001064728,17
BOMN,0001494582,17
KALA,0001479419,17
CBH,0001701809,17
EFF,0001573698,17
CARS,0001683606,17
EPRT,0001728951,17
USCR,0001073429,17
BHC,0000885590,17
VAPO,0001253176,17
INMB,0001711754,17
IGMS,0001496323,17
APPS,0000317788,17
LOVE,0001701758,17
AIO,0001778114,17
RRBI,0001071236,17
RFM,0001790177,17
HYMC,0001718405,17
ONTF,0001110611,17
SSNT,0001236275,17
FYBR,0000020520,17
ECBK,0001914605,17
MODG,0000837465,17
CWBC,0001127371,17
AESI,0001984060,17
FBMS,0000947559,16
AVHI,0000039677,16
CBNJ,0001411303,16
AGYS,0000078749,16
OMI,0000075252,16
SGEN,0001060736,16
NTWK,0001039280,16
SUNS,0001508171,16
HTH,0001265131,16
ANF,0001018840,16
NCS,0000883902,16
MTEX,0001056358,16
KTEC,0000906193,16
CHSP,0001473078,16
ADC,0000917251,16
BAYK,0001034594,16
PDI,0001510599,16
BGFV,0001156388,16
HNRG,0000788965,16
FRPH,0000844059,16
IKNX,0001083301,16
LIND,0001512499,16
FLIC,0000740663,16
MFRM,0001419852,16
PBI,0000078814,16
NEO,0001077183,16
EVBS,0001047170,16
ACBI,0001461755,16
GCP,0001644440,16
CRVS,0001626971,16
TPIC,0001455684,16
RRC,0000315852,16
HTBI,0001538263,16
TEI,0000909112,16
TLF,0000909724,16
ICCH,0001681903,16
AFB,0001162027,16
RRR,0001653653,16
NCMI,0001377630,16
VICI,0001705696,16
AXS,0001214816,16
AROC,0001389050,16
KLXE,0001738827,16
OSPN,0001044777,16
ETNB,0001785173,16
MRUS,0001651311,16
ABCL,0001703057,16
RXRX,0001601830,16
WRBY,0001504776,16
CAPIX,0001937073,16
MODV,0001220754,16
ASLE,0001754170,16
FMN,0001199004,16
FSCO,0001568194,16
PTWO,0001930313,16
NEXT,0001612720,16
BGH,0001521404,15
JMI,0001552890,15
SAR,0001377936,15
TMST,0001598428,15
SXC,0001514705,15
ETH,0000896156,15
WMS,0001604028,15
ECOM,0001169652,15
MSON,0000880432,15
SCHW,0000316709,15
DEA,0001622194,15
ENVA,0001529864,15
SLM,0001032033,15
DYN,0001379895,15
TY,0000099614,15
HSC,0000045876,15
JSD,0001509253,15
OGE,0001021635,15
GGM,0001551949,15
DAVE,0001021270,15
CVA,0000225648,15
TSE,0001519061,15
MITT,0001514281,15
GFED,0001046203,15
ORC,0001518621,15
BBSI,0000902791,15
ORM,0001556364,15
SASR,0000824410,15
ACTG,0000934549,15
MGPI,0000835011,15
LAND,0001495240,15
RELL,0000355948,15
GLT,0000041719,15
MRCC,0001512931,15
VSTO,0001616318,15
SRC,0001308606,15
AMID,0001513965,15
RMT,0000912147,15
ZGNX,0001375151,15
CRMT,0000799850,15
HQH,0000805267,15
TUP,0001008654,15
PGRE,0001605607,15
TNAV,0001474439,15
AXL,0001062231,15
CLRO,0000840715,15
WNEB,0001157647,15
VUZI,0001463972,15
PLYA,0001692412,15
SWM,0001000623,15
XNCR,0001326732,15
JBGS,0001689796,15
EFR,0001258623,15
VCTR,0001570827,15
DEI,0001364250,15
ASPU,0001487198,15
CWEN,0001567683,15
PRSP,0001724670,15
SPFI,0001163668,15
TH,0001712189,15
ESTA,0001688757,15
PACK,0001712463,15
ORCC,0001655888,15
LMPX,0001731727,15
RCEL,0001762303,15
NSYS,0000722313,15
FTHY,0001810523,15
AUPH,0001600620,15
AOMR,0001766478,15
ENVX,0001828318,15
AUID,0001534154,15
HRT,0001859285,15
BOC,0001494582,15
NPCT,0001835068,15
NCDL,0001737924,15
ZIVO,0001101026,15
ESP,0000033533,14
LAKE,0000798081,14
SMBC,0000916907,14
FULT,0000700564,14
SBRA,0001492298,14
PODD,0001145197,14
WSTC,0001024657,14
KAMN,0000054381,14
ALLY,0000040729,14
ADM,0000007084,14
USA,0000799195,14
WPG,0001594686,14
HMTV,0001567345,14
MCBK,0001547635,14
TACT,0001017303,14
FCX,0000831259,14
VRTV,0001599489,14
DSE,0001603998,14
ARDC,0001515324,14
RSO,0001332551,14
AEL,0001039828,14
CELP,0001587246,14
OXLC,0001495222,14
APA,0000006769,14
SGC,0000095574,14
WY,0000106535,14
EVRI,0001318568,14
CLI,0000924901,14
CHKE,0000844161,14
CDOR,0000929545,14
STAY,0001581164,14
DCO,0000030305,14
ERII,0001421517,14
HFWA,0001046025,14
MDP,0000065011,14
WEN,0000030697,14
FLO,0001128928,14
MYL,0001623613,14
KMPR,0000860748,14
CNA,0000021175,14
BGS,0001278027,14
CTGO,0001502377,14
CVO,0000920321,14
VVV,0001674910,14
MVC,0001099941,14
CTF,0001522699,14
AMRB,0001108236,14
COOL,0001076682,14
FOSL,0000883569,14
MCB,0001476034,14
UGI,0000884614,14
DOMO,0001505952,14
CCB,0001437958,14
SNBR,0000827187,14
GDEN,0001071255,14
BQH,0001167470,14
RIVE,0001590799,14
PSN,0000275880,14
HBB,0001709164,14
BSGM,0001530766,14
RMBI,0001767837,14
FINS,0001745059,14
OVV,0001792580,14
PLCE,0001041859,14
EFT,0001288992,14
AUB,0000883948,14
PDO,0001798618,14
YOU,0001856314,14
TRDA,0001689375,14
ECVT,0001708035,14
WBD,0001437107,14
HR,0001360604,14
UPBD,0000933036,14
BHRB,0001964333,14
BYON,0001130713,14
CORZ,0001839341,14
ZBIO,0001953926,14
MRP,0002017206,14
UUU,0000102109,14
EGBN,0001050441,13
EGLE,0001322439,13
KMT,0000055242,13
ARMK,0001584509,13
FBNK,0001511198,13
SNBC,0001017793,13
SFEF,0000086759,13
AYN,0001162030,13
NDP,0001547158,13
FFNW,0001401564,13
DLA,0001101396,13
TZOO,0001133311,13
ITCI,0001567514,13
CHK,0000895126,13
MAIN,0001396440,13
BXMT,0001061630,13
CDTX,0001610618,13
EIGI,0001237746,13
PW,0001532619,13
CZFC,0001073475,13
SPNC,0000789132,13
ACRE,0001529377,13
FBRC,0001371446,13
LION,0000822662,13
ARDX,0001437402,13
UNT,0000798949,13
THW,0001635977,13
POL,0001122976,13
IRDM,0001418819,13
AINV,0001278752,13
VER,0001507385,13
AIMT,0001631650,13
KIN,0001561743,13
TWOU,0001459417,13
CDR,0000761648,13
CXW,0001070985,13
EGIF,0001575771,13
RLGY,0001398987,13
VSEC,0000102752,13
BMTC,0000802681,13
USDP,0001610682,13
ARES,0001176948,13
SHLX,0001610466,13
TAX,0001528930,13
IRL,0000858707,13
ZION,0000109380,13
TGI,0001021162,13
PTI,0001445283,13
M,0000794367,13
BTN,0000946454,13
SOHU,0001104188,13
AKAO,0001301501,13
ADES,0001515156,13
APEN,0001251769,13
SSTI,0001351636,13
DISCA,0001437107,13
DCF,0001627854,13
THS,0001320695,13
THQ,0001604522,13
ANGI,0001705110,13
EXTN,0001635881,13
RRD,0000029669,13
XRAY,0000818479,13
CUE,0001645460,13
TSRI,0000098338,13
BSVN,0001746129,13
CBNK,0001419536,13
HOFT,0001077688,13
BV,0001734713,13
CVM,0000725363,13
FSLY,0001517413,13
BHR,0001574085,13
ORGO,0001661181,13
ALRS,0000903419,13
DK,0001694426,13
CPZ,0001717457,13
AMCR,0001748790,13
IMVT,0001764013,13
GRPN,0001490281,13
LSBK,0001341318,13
NTST,0001798100,13
BDSX,0001439725,13
SONO,0001314727,13
FST,0001815737,13
IMRX,0001790340,13
CLST,0001849867,13
ARHS,0001875444,13
MDV,0001645873,13
CZR,0001590895,13
STRW,0001782430,13
OUST,0001816581,13
SZL.AX,0001662991,13
TBRG,0001169445,13
PDX,0001756908,13
HR,0000899749,12
PULB,0001062438,12
VISI,0000103872,12
UBA,0001029800,12
ANGI,0001491778,12
AEO,0000919012,12
AZZ,0000008947,12
RWC,0000002186,12
HYB,0000825345,12
WBB,0001553326,12
MCBC,0001053584,12
KMF,0001500096,12
RICK,0000935419,12
SEV,0000825411,12
RDN,0000890926,12
DXR,0000027367,12
CWAY,0001585023,12
OI,0000812074,12
AJX,0001614806,12
QNTO,0001391933,12
BCRX,0000882796,12
EDR,0001302343,12
NRG,0001013871,12
CROX,0001334036,12
FPF,0001567569,12
TRNS,0000099302,12
PHII,0000350403,12
UNTY,0000920427,12
SBCF,0000730708,12
GDV,0001260729,12
TWTR,0001418091,12
FSFG,0001435508,12
ASPN,0001145986,12
NBN,0000811831,12
WMC,0001465885,12
CNP,0001130310,12
CHMI,0001571776,12
PBSK,0001511071,12
NAV,0000808450,12
SCD,0001270131,12
CDZI,0000727273,12
GLPW,0001136294,12
GRC,0000042682,12
HYT,0001222401,12
CSS,0000020629,12
SPNE,0001637761,12
AL,0001487712,12
UNFI,0001020859,12
TSQ,0001499832,12
RIG,0001451505,12
DAKT,0000915779,12
MEI,0000065270,12
FMBI,0000702325,12
WMK,0000105418,12
CNMD,0000816956,12
PMTS,0001641614,12
FDC,0000883980,12
WWW,0000110471,12
INSY,0001516479,12
SPWH,0001132105,12
GES,0000912463,12
AR,0001433270,12
NC,0000789933,12
CIT,0001171825,12
OSTK,0001130713,12
ARRS,0001645494,12
TNDM,0001438133,12
TLRD,0000884217,12
OZRK,0001038205,12
STRS,0000885508,12
SGU,0001002590,12
AAL,0000006201,12
PFBI,0000887919,12
SFM,0001575515,12
NXEO,0001604416,12
VRX,0000885590,12
KDMN,0001557142,12
GEO,0000923796,12
BRG,0001442626,12
LOAN,0001080340,12
TESS,0000927355,12
VSM,0001660690,12
WGO,0000107687,12
INVE,0001036044,12
PK,0001617406,12
RNGR,0001699039,12
LXRX,0001062822,12
ENBP,0001437479,12
CBTX,0001473844,12
IMMU,0000722830,12
TRTX,0001630472,12
LBC,0001475348,12
PKO,0001412350,12
PETQ,0001668673,12
OPRX,0001448431,12
USX,0000923571,12
FG,0001668428,12
ARVN,0001655759,12
CNO,0001224608,12
ESI,0001590714,12
ETRN,0001747009,12
MIST,0001408443,12
CTVA,0001755672,12
FOX,0001754301,12
CCLFX,0001735964,12
STSA,0001692830,12
TAYD,0000096536,12
SFIX,0001576942,12
ARQT,0001787306,12
OPCH,0001014739,12
BBBY,0000886158,12
XRX,0001770450,12
AOUT,0001808997,12
DNIF,0001059213,12
AMTB,0001734342,12
RFMZ,0001817159,12
GOCO,0001808220,12
AFCG,0001822523,12
RAIN,0001724979,12
BXSL,0001736035,12
EP,0000887396,12
IE,0001879016,12
OPAL,0001842279,12
ACNT,0000095953,12
AVTR,0001722482,12
GRND,0001820144,12
VTS,0001944558,12
CCIF,0001517767,12
ALMS,0001847367,12
ACOG,0001655923,12
EHTH,0001333493,11
OKSB,0000914374,11
WLFC,0001018164,11
LTXB,0001487052,11
TUES,0000878726,11
RXN,0001439288,11
HOS,0001131227,11
UCTT,0001275014,11
VICR,0000751978,11
CDE,0000215466,11
ANDE,0000821026,11
BLMT,0001522420,11
QTNT,0001596946,11
CMTL,0000023197,11
ZTR,0000836412,11
CSII,0001180145,11
JNP,0000821995,11
TXMD,0000025743,11
STAG,0001479094,11
CMFN,0001578348,11
CREE,0000895419,11
HIW,0000921082,11
STC,0000094344,11
ROVI,0001424454,11
ATI,0001018963,11
ACV,0001636289,11
IRIX,0001006045,11
NAVI,0001593538,11
MUR,0000717423,11
TPRE,0001576018,11
ZYNE,0001621443,11
FF,0001337298,11
HAFC,0001109242,11
KEQU,0000055529,11
EEI,0000809933,11
ATU,0000006955,11
ANIP,0001023024,11
PRAA,0001185348,11
EVOL,0001052054,11
SAVE,0001498710,11
AMRH,0000890821,11
AGX,0000100591,11
BIF,0000102426,11
RIV,0001501072,11
SNAK,0000944508,11
ITRI,0000780571,11
MGNX,0001125345,11
OII,0000073756,11
FLML,0001012477,11
PICO,0000830122,11
HLND,0001008579,11
MGP,0001656936,11
SPAR,0000743238,11
CPSI,0001169445,11
FDEU,0001646109,11
LBTY,0001570585,11
PAG,0001019849,11
WETF,0000880631,11
IEHC,0000050292,11
ACGL,0000947484,11
PFLEX,0001688554,11
GIII,0000821002,11
NZF,0001137887,11
SIGM,0000790715,11
KREF,0001631596,11
TWN,0000804123,11
FMFG,0001698022,11
PLYM,0001515816,11
DIN,0000049754,11
MBWM,0001042729,11
MNRO,0000876427,11
RDFN,0001382821,11
TFSL,0001381668,11
ANDX,0001507615,11
ATXI,0001644963,11
QTRX,0001503274,11
REVG,0001687221,11
HSDT,0001610853,11
OBNK,0001516912,11
NVT,0001720635,11
AEF,0000846676,11
RFIL,0000740664,11
SHSP,0001506439,11
GVA,0000861459,11
LIVX,0001491419,11
UROV,0001740547,11
KOD,0001468748,11
IOVA,0001425205,11
COSM,0001474167,11
DXC,0001688568,11
LXFR,0001096056,11
ARCT,0001768224,11
DFIN,0001669811,11
PSTL,0001759774,11
HSAC,0001764013,11
WES,0001423902,11
RVMD,0001628171,11
RBKB,0001751783,11
GEOS,0001001115,11
HOG,0000793952,11
DNB,0001799208,11
PSTI,0001158780,11
MEG,0001643615,11
KDNY,0001435049,11
CPNG,0001834584,11
RPHM,0001637715,11
BVH,0000315858,11
NOTV,0000720154,11
TRUL,0001754195,11
FGF,0001591890,11
ALZN,0001677077,11
KYMR,0001815442,11
RYAN,0001849253,11
AZEK,0001782754,11
ALIT,0001809104,11
MKTW,0001805651,11
TCBS,0001849466,11
LTH,0001869198,11
MYPS,0001823878,11
EYPT,0001314102,11
FRBBX,0001925779,11
ASTC,0001001907,11
EPSN,0001726126,11
CECO,0000003197,11
SEZL,0001662991,11
OBDC,0001655888,11
NAMS,0001936258,11
SRZN,0001824893,11
SER,0001708599,11
CMCO,0001005229,11
INBX,0002007919,11
SPMC,0001930147,11
MNR,0001980088,11
LINE,0001868159,11
FSSL,0002065812,11
VSAR,0001513818,10
BK,0001390777,10
HBHC,0000750577,10
PB,0001068851,10
RYAM,0001597672,10
MSL,0000745981,10
RGS,0000716643,10
MDLZ,0001103982,10
MRC,0001439095,10
SAL,0001060219,10
UBOH,0001087456,10
ARI,0001467760,10
LBY,0000902274,10
MTG,0000876437,10
ADMA,0001368514,10
UTGN,0000832480,10
VNCE,0001579157,10
HNNA,0001145255,10
EXA,0000890264,10
IMDZ,0001437786,10
LXU,0000060714,10
TEGP,0001633651,10
KS,0001325281,10
MORE,0001384710,10
USAC,0001522727,10
LMIA,0001059562,10
ECPG,0001084961,10
SOFO,0001029744,10
CMK,0000853770,10
NML,0001562051,10
SHLM,0000087565,10
MJCO,0001626853,10
CTG,0000023111,10
FET,0001401257,10
CAMP,0000730255,10
OCN,0000873860,10
SVBI,0000868271,10
PAA,0001070423,10
FRPT,0001611647,10
PEGI,0001561660,10
EDGW,0001017968,10
PFSW,0001095315,10
FDUS,0001513363,10
ORN,0001402829,10
B,0000009984,10
STLD,0001022671,10
ICCC,0000811641,10
UHT,0000798783,10
PMD,0000806517,10
LYTS,0000763532,10
HTA,0001360604,10
FRAN,0001399935,10
NX,0001423221,10
CBL,0000910612,10
MDXG,0001376339,10
NLSN,0001492633,10
GNC,0001502034,10
FEYE,0001370880,10
CHEF,0001517175,10
RLJ,0001511337,10
WLH,0001095996,10
BLMN,0001546417,10
PARR,0000821483,10
LQDT,0001235468,10
CIM,0001409493,10
GPT,0001297587,10
ACAD,0001070494,10
INSM,0001104506,10
CUB,0000026076,10
LNC,0000059558,10
BAC,0000070858,10
HWKN,0000046250,10
IVC,0000742112,10
NERV,0001598646,10
KMPH,0001434647,10
EXGI,0000032598,10
HRB,0000012659,10
GBL,0001060349,10
KFY,0000056679,10
AERI,0001337553,10
GCO,0000018498,10
KAR,0001395942,10
BCTF,0001668340,10
BKEP,0001392091,10
CLPR,0001649096,10
NAD,0001083839,10
YUMC,0001673358,10
MRCY,0001049521,10
APLS,0001492422,10
QBAK,0000758938,10
BCML,0001730984,10
TEN,0001024725,10
IIIV,0001728688,10
CHAP,0001346980,10
FVCB,0001675644,10
YMAB,0001722964,10
MYJ,0000884216,10
CMP,0001227654,10
CSBR,0000771856,10
INVA,0001080014,10
MAXR,0001121142,10
CRMD,0001410098,10
ADVM,0001501756,10
BHF,0001685040,10
LL,0001396033,10
RMM,0001771226,10
BRP,0001781755,10
PHAT,0001783183,10
SAVA,0001069530,10
WHG,0001165002,10
BANF,0000760498,10
ESCA,0000033488,10
BHE,0000863436,10
CMPI,0001651431,10
PESI,0000891532,10
APRN,0001701114,10
CRDF,0001213037,10
PTVE,0001527508,10
BNL,0001424182,10
CERE,0001805387,10
PTRS,0000832090,10
AIV,0000922864,10
SLNG,0001043186,10
XM,0001747748,10
PRTH,0001653558,10
S,0001583708,10
OBT,0001754226,10
STGW,0000876883,10
AATC,0000943034,10
OSCR,0001568651,10
RCOR,0001799850,10
CXDO,0001075736,10
XPOF,0001802156,10
CVGW,0001133470,10
VLCN,0001829794,10
CTLP,0000896429,10
FTHM,0001753162,10
MP,0001801368,10
WULF,0001083301,10
FRSH,0001544522,10
TREIX,0001854370,10
BFH,0001101215,10
VVX,0001601548,10
MBLY,0001910139,10
KRT,0001758021,10
NLCP,0001854964,10
TFIN,0001539638,10
ACIC,0001401521,10
SBGI,0001971213,10
TXO,0001559432,10
CCFN,0000731122,10
LUCK,0001840572,10
ENOV,0001420800,10
AEBI,0002048519,10
GLIBK,0002057463,10
SPRU,0001772720,10
NFRX,0001969674,10
EBF,0000033002,9
LCM,0001278460,9
WOR,0000108516,9
CUBI,0001488813,9
NPBC,0000700733,9
NSL,0001093428,9
GNBC,0001606363,9
ARLP,0001086600,9
MATW,0000063296,9
QSR,0001618756,9
TTP,0001526329,9
TTOO,0001492674,9
AP,0000006176,9
SUNE,0000945436,9
EMES,0001555177,9
WPX,0001518832,9
SUM,0001621563,9
ASCMA,0001437106,9
NMZ,0001266585,9
WIN,0001282266,9
UDF,0001440292,9
AA,0000004281,9
TIS,0001324189,9
NATI,0000935494,9
VVI,0000884219,9
EPZM,0001571498,9
UCFC,0000707886,9
UCBI,0000857855,9
VOYA,0001535929,9
MAT,0000063276,9
VSI,0001360530,9
LMNX,0001033905,9
TPC,0000077543,9
SAMG,0001549966,9
ARKR,0000779544,9
DFP,0001559991,9
REPH,0001588972,9
MBI,0000814585,9
OKS,0000909281,9
MINI,0000911109,9
PATK,0000076605,9
BOOM,0000034067,9
NFX,0000912750,9
FFKT,0000713095,9
MFA,0001055160,9
AQXP,0001404644,9
FRSH,0001592379,9
SUN,0001552275,9
CXP,0001252849,9
LUV,0000092380,9
AWP,0001390195,9
HURC,0000315374,9
APOG,0000006845,9
HEP,0001283140,9
HFBL,0001500375,9
GLRE,0001385613,9
CY,0000791915,9
BCOR,0001068875,9
GTS,0001171662,9
KVHI,0001007587,9
LFVN,0000849146,9
HPI,0001176199,9
WBS,0000801337,9
CASH,0000907471,9
FRME,0000712534,9
AI,0001209028,9
HMNF,0000921183,9
ENDP,0001593034,9
FREVS,0000036840,9
DRAD,0000707388,9
UAL,0000100517,9
PI,0001114995,9
KIM,0000879101,9
CIZN,0001075706,9
NCLH,0001513761,9
PLOW,0001287213,9
QTS,0001577368,9
SENEA,0000088948,9
PRFT,0001085869,9
PSXP,0001572910,9
INSE,0001615063,9
DVMT,0001571996,9
ANAB,0001370053,9
COT,0000884713,9
CPIX,0001087294,9
SNCR,0001131554,9
LDF,0000884461,9
HGV,0001674168,9
RTNB,0001272550,9
ROSE,0001659122,9
XNAFX,0001655199,9
MXE,0000863900,9
ANGO,0001275187,9
ACCO,0000712034,9
SMHI,0001690334,9
HIBB,0001017480,9
PCRX,0001396814,9
LTC,0000887905,9
EPC,0001096752,9
OPTN,0001494650,9
EQH,0001333986,9
FLMN,0001703785,9
CAG,0000023217,9
ATEA,0000945989,9
ETON,0001710340,9
COWN,0001466538,9
HARP,0001708493,9
AXSM,0001579428,9
SCPL,0001760717,9
HFC,0000048039,9
FULC,0001680581,9
TFFP,0001733413,9
BLFS,0000834365,9
CCAP,0001633336,9
NWIN,0000919864,9
LYFT,0001759509,9
PASG,0001787297,9
TFC,0000092230,9
CFB,0001458412,9
WLK,0001262823,9
PRTS,0001378950,9
PTA,0001793882,9
VIRI,0001818844,9
LFMD,0000948320,9
CTOS,0001709682,9
BMEA,0001840439,9
CNTA,0001847903,9
NECB,0001847398,9
TCRX,0001783328,9
PYCR,0001839439,9
CTKB,0001831915,9
PRG,0001808834,9
VIA,0001606268,9
VMM,0000895658,9
RDW,0001819810,9
VRDN,0001590750,9
ACHR,0001824502,9
AVNW,0001377789,9
BNTC,0001808898,9
NRDS,0001625278,9
DINO,0001915657,9
CELFX,0001842754,9
LQDA,0001819576,9
TAKAX,0001725472,9
FLL,0000891482,9
NILE,0000896493,9
ELA,0000701719,9
KNTK,0001692787,9
MLYS,0001933414,9
ZVRA,0001434647,9
STCN,0000914712,9
XHFIX,0001903070,9
SDHC,0001982518,9
MSDL,0001782524,9
DOC,0000765880,9
XIVYX,0001976685,9
PCSZX,0001995940,9
KBDC,0001747172,9
APEI,0001201792,9
CTEV,0001793229,9
PDYN,0001826681,9
MSIF,0001535778,9
STRR,0001210708,9
EAD,0001210123,8
CMC,0000022444,8
SPN,0000886835,8
PNFP,0001115055,8
JXSB,0001484949,8
CAMB,0001588869,8
ATRA,0001604464,8
ACSF,0001581934,8
TRUE,0001327318,8
BKJ,0001390312,8
COG,0000858470,8
NDLS,0001275158,8
PAYC,0001590955,8
FI,0001575828,8
PCTI,0001057083,8
GNMK,0001487371,8
HDP,0001610532,8
DO,0000949039,8
CBA,0001570318,8
AMOT,0000046129,8
JMF,0001502711,8
RXDX,0001557421,8
JCS,0000022701,8
ASG,0000786035,8
ATLS,0001623595,8
ADTN,0000926282,8
CARO,0000870385,8
TBRA,0001311596,8
FARO,0000917491,8
ACTA,0001085621,8
ZINC,0001385544,8
CLBH,0001127160,8
NES,0001403853,8
MNTX,0001302028,8
NMRX,0000870753,8
HRTX,0000818033,8
INF,0001522807,8
MTRX,0000866273,8
IRT,0001466085,8
CATO,0000018255,8
DTF,0000879535,8
AHC,0001413898,8
GPOR,0000874499,8
CAFD,0001635581,8
KBAL,0000055772,8
BKS,0000890491,8
TCS,0001411688,8
EDF,0001501103,8
EGHT,0001023731,8
DGI,0001208208,8
LADR,0001577670,8
TBPH,0001583107,8
CCP,0001639947,8
LEG,0000058492,8
FOE,0000035214,8
FLR,0001124198,8
BOOT,0001610250,8
BNFT,0001576169,8
RPAI,0001222840,8
VRNS,0001361113,8
GLBZ,0000890066,8
PFIN,0000075340,8
HCP,0000765880,8
AMAG,0000792977,8
AHT,0001232582,8
TNGO,0001182325,8
KSS,0000885639,8
OFLX,0001317945,8
OKE,0001039684,8
HPF,0001189740,8
JHI,0000759828,8
JHS,0000759866,8
EXAS,0001124140,8
GWB,0001613665,8
AN,0000350698,8
STX,0001137789,8
WTFC,0001015328,8
EDIT,0001650664,8
CBG,0001138118,8
STAR,0001095651,8
MGI,0001273931,8
IRWD,0001446847,8
HIG,0000874766,8
AMC,0001411579,8
CWEI,0000880115,8
AGLE,0001636282,8
SKY,0000090896,8
CNCE,0001367920,8
HAYN,0000858655,8
AB,0000825313,8
WCRS,0001363958,8
RFP,0001393066,8
SYRS,0001556263,8
SAH,0001043509,8
NBLX,0001647513,8
TRHC,0001651561,8
WAAS,0001422841,8
PFGC,0001618673,8
OPP,0001678130,8
KLIC,0000056978,8
SYNT,0001040426,8
AGNC,0001423689,8
JQC,0001227476,8
AOBC,0001092796,8
CTLT,0001596783,8
CRZO,0001040593,8
CBB,0000716133,8
NVTR,0001648893,8
NCSM,0001692427,8
ETP,0001161154,8
PEI,0000077281,8
KF,0000748691,8
MHH,0001437226,8
CBAY,0001042074,8
IART,0000917520,8
SSNC,0001402436,8
ACIW,0000935036,8
EXTR,0001078271,8
EYE,0001710155,8
CELC,0001603454,8
BMCH,0001574815,8
ICHR,0001652535,8
TELL,0000061398,8
ELOX,0001035354,8
SRRK,0001727196,8
CSSE,0001679063,8
AXGN,0000805928,8
ENPH,0001463101,8
MEET,0001078099,8
BTAI,0001720893,8
NMRK,0001690680,8
LEGH,0001436208,8
LMST,0001358356,8
CUK,0001125259,8
CCL,0000815097,8
ALPN,0001626199,8
ELMD,0001488917,8
PMFLX,0001723701,8
MNE,0001232863,8
TVTY,0000704415,8
PKD,0000076321,8
CNDT,0001677703,8
FTDR,0001727263,8
CRTX,0001662774,8
AINC,0001604738,8
DOW,0001751788,8
MWK,0001757715,8
EWBC,0001069157,8
ALOT,0000008146,8
PCYO,0000276720,8
GRTX,0001563577,8
RSLS,0001371217,8
ECOL,0001783400,8
BMRC,0001403475,8
GBX,0000923120,8
APG,0001796209,8
BATL,0001282648,8
KELYA,0000055135,8
RPRX,0001802768,8
ERESU,0001814287,8
TARA,0001359931,8
EBC,0001810546,8
GATO,0001517006,8
MPLN,0001793229,8
FL,0000850209,8
CGEM,0001789972,8
AFRM,0001820953,8
LNTH,0001521036,8
MMD,0001518557,8
EWTX,0001710072,8
OPEN,0001801169,8
HRTH,0000045919,8
GDRX,0001809519,8
PCT,0001830033,8
DAWN,0001845337,8
VERV,0001840574,8
ORGN,0001802457,8
RLYB,0001739410,8
SSBK,0001689731,8
CANO,0001800682,8
HUMA,0001818382,8
TYRA,0001863127,8
SRV,0001400897,8
THRX,0001745020,8
BYRN,0001354866,8
CMTG,0001666291,8
REFI,0001867949,8
MACQ,0001838672,8
USER,0001557127,8
TBI,0000768899,8
HNVR,0001828588,8
GTLB,0001653482,8
PDLB,0001874071,8
TREE,0001434621,8
CASS,0000708781,8
UTI,0001261654,8
BHM,0001903382,8
NXG,0001506488,8
WOLF,0000895419,8
BKTI,0000002186,8
VNO,0000899689,8
NMRA,0001885522,8
VYX,0000070866,8
QDEL,0001906324,8
ESOA,0001357971,8
VCRDX,0001812286,8
NE,0001895262,8
BEN,0000038777,8
BLCO,0001860742,8
RNAC,0001453687,8
MBX,0001776111,8
FVR,0001988494,8
LGCY,0001836754,8
SEPN,0001984086,8
OCTIX,0002000645,8
SEI,0001697500,8
GSAT,0001366868,8
CBRL,0001067294,8
SLGL,0001684693,8
PBCT,0001378946,7
RF,0001281761,7
PSTB,0001507277,7
SCSC,0000918965,7
UBSH,0000883948,7
GPK,0001408075,7
FSBW,0001530249,7
MWBC,0001600065,7
TRUP,0001371285,7
SON,0000091767,7
MEP,0001578685,7
BLBD,0001589526,7
LVLT,0000794323,7
TPZ,0001408201,7
WNRL,0001581908,7
PHM,0000822416,7
AEGN,0000353020,7
FOXF,0001424929,7
TSLF,0001583001,7
RNET,0001162112,7
OMN,0001090061,7
CIFC,0001313918,7
INAP,0001056386,7
PKE,0000076267,7
CZR,0000858339,7
NUVA,0001142596,7
WU,0001365135,7
FSBK,0001027183,7
JOY,0000801898,7
EVH,0001628908,7
LXP,0000910108,7
FIF,0001513789,7
GNL,0001526113,7
ITUS,0000715446,7
JLS,0001472215,7
LAQ,0000862599,7
WSFS,0000828944,7
SRNE,0000850261,7
INN,0001497645,7
DXPE,0001020710,7
IBOC,0000315709,7
COP,0001163165,7
NBL,0000072207,7
G,0001398659,7
HAL,0000045012,7
XONE,0001561627,7
CPE,0000928022,7
GLW,0000024741,7
PSG,0001514242,7
FMC,0000037785,7
TCAP,0001379785,7
AVT,0000008858,7
BOX,0001372612,7
TLN,0001622536,7
VLT,0000846671,7
CBPX,0001592480,7
CF,0001324404,7
IILG,0001434620,7
PFHO,0001138476,7
GGZ,0001585855,7
WVE,0001631574,7
VYGR,0001640266,7
NVG,0001090116,7
SWKH,0001089907,7
XHR,0001616000,7
SSRG,0001616101,7
ASNA,0001498301,7
DLTH,0001649744,7
ABE,0000913662,7
SOHO,0001301236,7
HTD,0001260041,7
PDT,0000855886,7
HPS,0001215913,7
HEQ,0001496749,7
BTO,0000925683,7
SCNB,0000754673,7
ASMB,0001426800,7
WNR,0001339048,7
ALKS,0001520262,7
SNDX,0001395937,7
BSQR,0001054721,7
XPEPX,0001609211,7
NBR,0001163739,7
INFN,0001138639,7
GT,0000042582,7
IVTY,0001393020,7
ATRO,0000008063,7
CLSD,0001539029,7
SELB,0001453687,7
CIGI,0000913353,7
MYGN,0000899923,7
HRI,0001364479,7
PEBK,0001093672,7
TTD,0001671933,7
CHD,0000313927,7
NI,0001111711,7
IHIT,0001682811,7
IIPR,0001677576,7
TWNK,0001644406,7
GBAB,0001495825,7
LONE,0001661920,7
SYF,0001601712,7
CLDR,0001535379,7
SOI,0001697500,7
GTHX,0001560241,7
NBO,0001178841,7
DERM,0001557883,7
CLAR,0000913277,7
WBT,0001650962,7
AUBN,0000750574,7
TITN,0001409171,7
FRTA,0001678463,7
SCPH,0001604950,7
FFBW,0001709017,7
MGYR,0001337068,7
VECO,0000103145,7
AMSWA,0000713425,7
YEXT,0001614178,7
OXSQ,0001259429,7
ITRM,0001659323,7
IEC,0000049728,7
ECOR,0001560258,7
CRNX,0001658247,7
MXL,0001288469,7
WYND,0001361658,7
CVV,0000766792,7
RVI,0001735184,7
AVNS,0001606498,7
FUN,0000811532,7
DCP,0001338065,7
GOSS,0001728117,7
PLT,0000914025,7
ANIK,0000898437,7
PGTI,0001354327,7
TRWH,0001747079,7
TECTP,0001766526,7
SR,0001126956,7
CHWY,0001766502,7
AKRO,0001744659,7
BBIO,0001743881,7
MORF,0001679363,7
EIC,0001754836,7
FSEA,0001769267,7
PFE,0000078003,7
HONE,0001769617,7
FITB,0000035527,7
PNTG,0001766400,7
BRPM,0001759824,7
BDTX,0001701541,7
FFBW,0001787384,7
CIX,0001049606,7
PRMW,0000884713,7
RPAY,0001720592,7
VRT,0001674101,7
VGR,0000059440,7
CNNB,0001787005,7
GBIO,0001733294,7
RPTX,0001808158,7
DYFN,0001794287,7
ITOS,0001808865,7
CALB,0001752036,7
VITL,0001579733,7
GDYN,0001743725,7
GPV,0001584547,7
TAP,0000024545,7
DYN,0001818794,7
ARRY,0001820721,7
EOSE,0001805077,7
INTT,0001036262,7
OLMA,0001750284,7
MASS,0001555279,7
WOOF,0001826470,7
CYTH,0000922247,7
PACE,0001819404,7
TPGY,0001819399,7
KLR,0001719489,7
TAKIX,0001725472,7
GTX,0001735707,7
GRPH,0001815776,7
UUUU,0001385849,7
EVLV,0001805385,7
LUMN,0000018926,7
PCG,0001004980,7
ETWO,0001800347,7
COCO,0001482981,7
AURA,0001501796,7
LYLT,0001870997,7
HMN,0000850141,7
BRTX,0001505497,7
DKNG,0001772757,7
VWE,0001834045,7
FINW,0001856365,7
TBLD,0001820378,7
DOUG,0001878897,7
PAXS,0001886878,7
BOWL,0001840572,7
BAND,0001514416,7
TCBC,0001850398,7
CFLT,0001699838,7
BRZE,0001676238,7
AIRC,0001820877,7
ALKT,0001529274,7
GBTG,0001820872,7
PMN,0001374339,7
COIN,0001679788,7
EMBC,0001872789,7
WBA,0001618921,7
SAFE,0001095651,7
FSEA,0001943802,7
WGS,0001818331,7
VSCO,0001856437,7
STRUX,0001957892,7
VWFB,0001913838,7
GENK,0001891856,7
MAGN,0000041719,7
CNXC,0001803599,7
BETR,0001835856,7
STRZ,0000929351,7
EMBY,0001449794,7
EOD,0001386067,6
OAS,0001486159,6
KPTI,0001503802,6
ATLS,0001347218,6
CROL,0001515069,6
BYLK,0000275119,6
BGG,0000014195,6
TRMK,0000036146,6
GDOT,0001386278,6
SPA,0000092679,6
HFBC,0001041550,6
CFX,0001420800,6
INTL,0000913760,6
NVTA,0001501134,6
MXWL,0000319815,6
GLF,0001030749,6
CMOH,0001009976,6
SJW,0000766829,6
TAXI,0001000209,6
CDI,0000018396,6
MRTN,0000799167,6
RMP,0001620928,6
OAKS,0001547546,6
KMG,0001028215,6
INO,0001055726,6
BDCV,0001444706,6
NTIC,0000875582,6
APIC,0001324772,6
SKT,0000899715,6
CARB,0001340127,6
SIF,0000090168,6
CCC,0000812701,6
LIFE,0001339970,6
CMRX,0001117480,6
REXR,0001571283,6
APB,0000795618,6
BBOX,0000849547,6
RKDA,0001469443,6
BWINB,0000009346,6
PRO,0001392972,6
PRMW,0001365101,6
NVLS,0001626199,6
PGZ,0001557523,6
RPD,0001560327,6
WWD,0000108312,6
IF,0000859120,6
CH,0000846676,6
ISL,0000865277,6
PROV,0001010470,6
AAC,0001606180,6
ATEN,0001580808,6
CGNX,0000851205,6
MXC,0000066418,6
ARRY,0001100412,6
NYMT,0001273685,6
ENV,0001337619,6
WTW,0000105319,6
ON,0001097864,6
CLDX,0000744218,6
HTZ,0001364479,6
SJI,0000091928,6
SCCO,0001001838,6
CVTI,0000928658,6
SCYX,0001178253,6
NEP,0001603145,6
CUZ,0000025232,6
TDOC,0001477449,6
HP,0000046765,6
JTA,0001265708,6
CAL,0000014707,6
LMFA,0001640384,6
PMF,0001140392,6
YCB,0000933590,6
INST,0001355754,6
EGDW,0001584770,6
SSI,0000006885,6
BZC,0000099359,6
CUBN,0001606440,6
DVN,0001090012,6
SHO,0001295810,6
EV,0000350797,6
MQT,0000887394,6
ESTE,0000010254,6
WAL,0001212545,6
BSL,0001486298,6
CHFC,0000019612,6
KST,0000919708,6
MFNC,0000036506,6
FSS,0000277509,6
RWT,0000930236,6
AAMC,0001555074,6
EPAY,0001073349,6
IROQ,0001514743,6
QHC,0001650445,6
XBIT,0001626878,6
FUR,0000037008,6
BCO,0000078890,6
QEP,0001108827,6
ABT,0000001800,6
SKYW,0000793733,6
MFIN,0001000209,6
HNW,0001388126,6
PAVM,0001624326,6
VRS,0001421182,6
ADMS,0001328143,6
HTZ,0001657853,6
FHB,0000036377,6
DSU,0001051003,6
IPDN,0001546296,6
FBM,0001688941,6
SEMG,0001489136,6
NGHC,0001578735,6
ENSG,0001125376,6
ELVT,0001651094,6
IDT,0001005731,6
TPX,0001206264,6
FPH,0001574197,6
MPX,0001129155,6
IIF,0000916618,6
RA,0001655099,6
ALRN,0001420565,6
MRSN,0001442836,6
BST,0001616678,6
NIE,0001383441,6
TDC,0000816761,6
AXTA,0001616862,6
GYRO,0001589061,6
CNK,0001385280,6
MTSI,0001493594,6
JILL,0001687932,6
KRYS,0001711279,6
MRIN,0001389002,6
KIDS,0001425450,6
RVNC,0001479290,6
ATRC,0001323885,6
SCOO,0001055454,6
KIRK,0001056285,6
RMPL,0001644771,6
ACP,0001503290,6
DLPH,0001707092,6
STRL,0000874238,6
NSTG,0001401708,6
EAF,0000931148,6
UA,0001336917,6
ADT,0001703056,6
EAST,0001534708,6
EVOP,0001704596,6
EDUC,0000031667,6
FTI,0001681459,6
EIDX,0001731831,6
XERS,0001346302,6
KZR,0001645666,6
CNST,0001434418,6
BRY,0001705873,6
AMRS,0001365916,6
AKP,0001162028,6
RCM,0001472595,6
AFIN,0001568162,6
SF,0000720672,6
GSHD,0001726978,6
AOSL,0001387467,6
CRTO,0001576427,6
RCKT,0001281895,6
SLB,0000087347,6
ENOB,0001527728,6
ELY,0000837465,6
CERC,0001534120,6
GH,0001576280,6
URGN,0001668243,6
DTIL,0001357874,6
MNRL,0001745797,6
MWA,0001350593,6
RBCAA,0000921557,6
AXLA,0001633070,6
BMY,0000014272,6
ATH,0001527469,6
HIO,0000910068,6
STOK,0001623526,6
FTLF,0001374328,6
AGS,0001593548,6
NEPH,0001196298,6
SDC,0001775625,6
NVST,0001757073,6
VIR,0001706431,6
HSII,0001066605,6
DMTK,0001651944,6
CRS,0000017843,6
OXM,0000075288,6
ROCK,0000912562,6
SRLP,0001525287,6
AMTI,0001801777,6
NKTX,0001787400,6
PSTX,0001661460,6
BLI,0001689657,6
PFC,0000946647,6
IMUX,0001280776,6
SRRA,0001290149,6
HLIT,0000851310,6
STEP,0001796022,6
PRLD,0001678660,6
MDVL,0001402479,6
VTRS,0001792044,6
PRTA,0001559053,6
HYLN,0001759631,6
ASAN,0001477720,6
SDHY,0001812923,6
DBI,0001319947,6
FTCV,0001829328,6
DSGN,0001807120,6
ISIG,0000875355,6
TSHA,0001806310,6
ALTO,0000778164,6
SCOA,0001828985,6
FIGS,0001846576,6
NAUT,0001808805,6
JANX,0001817713,6
BHG,0001671284,6
CULL,0001845799,6
SGHT,0001531177,6
MCG,0001846510,6
LAW,0001625641,6
RXST,0001111485,6
OGN,0001821825,6
CVGI,0001290900,6
AM,0001623925,6
TKNO,0001850902,6
SLQT,0001794783,6
CARE,0001829576,6
SACH,0001682220,6
ACT,0001823529,6
AAN,0001821393,6
SODI,0000091668,6
INSG,0001022652,6
STKS,0001399520,6
KD,0001867072,6
JOBY,0001819848,6
AREN,0000894871,6
IAA,0001745041,6
FOUR,0001794669,6
ANTX,0001880438,6
MAX,0001818383,6
HCAT,0001636422,6
AMPY,0001533924,6
USGO,0001947244,6
USB,0000036104,6
MTCH,0000891103,6
BMN,0001832871,6
CBU,0000723188,6
ABL,0001814287,6
BRID,0000014177,6
WDI,0001819559,6
TRML,0001827506,6
CEV,0001074692,6
LENZ,0001815776,6
ZD,0001084048,6
GTE,0001273441,6
TECX,0001681087,6
CBNA,0001392272,6
PPTINC,0001080657,6
SIRI,0000908937,6
CVI,0001376139,6
MOALX,0002029852,6
NEGG,0001474627,6
CFND,0002044327,6
NAVN,0001639723,6
CFNL,0001060523,5
IFT,0001494448,5
CAS,0000018172,5
STRN,0000728331,5
OLP,0000712770,5
AFAM,0000799231,5
ETE,0001276187,5
FPRX,0001175505,5
VSTM,0001526119,5
MTOR,0001113256,5
UMPQ,0001077771,5
UCP,0001572684,5
TCB,0000814184,5
TCON,0001394319,5
RREDX,0001557725,5
FSC,0001414932,5
ENTA,0001177648,5
BLPH,0001600132,5
CBZ,0000944148,5
BNK,0001609132,5
CORI,0001594337,5
CTB,0000024491,5
GFIG,0001292426,5
SUBK,0000754673,5
WAYN,0001036030,5
SGM,0001454389,5
RSE,0001528558,5
CST,0001562039,5
SQBG,0000791770,5
BYD,0000906553,5
MPW,0001287865,5
OUT,0001579877,5
AMRI,0001065087,5
AIF,0001526697,5
RLH,0001052595,5
ACY,0001036848,5
BKH,0001130464,5
KERX,0001114220,5
QUMU,0000892482,5
GNE,0001528356,5
SSFN,0001023860,5
LGIH,0001580670,5
BDJ,0001332283,5
UE,0001611547,5
ZF,0000812090,5
PCBK,0001084717,5
GNK,0001326200,5
VKTX,0001607678,5
MRLN,0001260968,5
CPN,0000916457,5
BIOA,0001534287,5
PLPC,0000080035,5
HTGM,0001169987,5
NUO,0000878200,5
BDSI,0001103021,5
AMRK,0001591588,5
MXPT,0001611231,5
IPWR,0001507957,5
HMHC,0001580156,5
CSBK,0001592329,5
VHI,0000059255,5
TRNO,0001476150,5
ACXM,0000733269,5
DMO,0001478102,5
PRSC,0001220754,5
BLDR,0001316835,5
GBNK,0001324410,5
IPG,0000051644,5
CNSI,0001549872,5
UNAM,0000100716,5
SNR,0001610114,5
NTRA,0001604821,5
IIIN,0000764401,5
JOF,0000859796,5
AQMS,0001621832,5
JMT,0001479238,5
NYLD,0001567683,5
PSIX,0001137091,5
RSPP,0001588216,5
APAM,0001517302,5
BSX,0000885725,5
ITG,0000920424,5
MTZ,0000015615,5
MGU,0001326390,5
TERP,0001599947,5
TIER,0001176373,5
MPC,0001510295,5
IBP,0001580905,5
MPLX,0001552000,5
AFT,0001502573,5
FENX,0001615153,5
HES,0000004447,5
ACAT,0000719866,5
HWAY,0000704415,5
HLS,0000785161,5
MYOK,0001552451,5
CYH,0001108109,5
TWI,0000899751,5
PML,0001170299,5
BCV,0000009521,5
TCBK,0000356171,5
RT,0000068270,5
CCG,0001490983,5
KLXI,0001617898,5
SEP,0001394074,5
HPQ,0000047217,5
NWHM,0001574596,5
ISBC,0001594012,5
XLRN,0001280600,5
BTA,0001343793,5
CHSCO,0000823277,5
MSFG,0000720002,5
EGN,0000277595,5
MYCC,0001577095,5
ESRT,0001541401,5
CRY,0000784199,5
LDOS,0001336920,5
CATY,0000861842,5
PTCT,0001070081,5
HCCI,0001403431,5
NUS,0001021561,5
AIQ,0000817135,5
NGVC,0001547459,5
PNK,0001656239,5
DVAX,0001029142,5
PAHC,0001069899,5
WWWW,0001095291,5
NCBS,0001174850,5
PTHN,0001643848,5
SLG,0001040971,5
TCMD,0001027838,5
MDCA,0000876883,5
HOPE,0001128361,5
AAWW,0001135185,5
SZC,0001506488,5
IQI,0000885125,5
CWCO,0000928340,5
HDS,0001573097,5
BABY,0000878526,5
TRTL,0001608298,5
OTTW,0001675192,5
CRSP,0001674416,5
RARX,0001481512,5
BL,0001666134,5
TRTN,0001660734,5
CHI,0001171471,5
NEA,0001195737,5
SKIS,0001517401,5
DMRC,0001438231,5
VRA,0001495320,5
FBSS,0001083643,5
KBR,0001357615,5
HDNG,0000313716,5
SD,0001349436,5
BHVN,0001689813,5
UNIT,0001620280,5
MATX,0000003453,5
SC,0001580608,5
SGH,0001616533,5
SIG,0000832988,5
HK,0001282648,5
RCIIX,0001628040,5
ATUS,0001702780,5
KKR,0001404912,5
PVAC,0000077159,5
SCVL,0000895447,5
DCPH,0001654151,5
FBIO,0001429260,5
WMGI,0001492658,5
ST,0001477294,5
SBT,0001680379,5
SDOI,0000911649,5
FGEN,0000921299,5
SRF,0001526629,5
CSQ,0001275214,5
CCNI,0001140102,5
ALBO,0001322505,5
SLDB,0001707502,5
EVV,0001222922,5
PDEX,0000788920,5
ULH,0001308208,5
NOA,0001368519,5
CLUB,0001281774,5
PRDEX,0001568905,5
NCR,0000070866,5
TEVA,0000818686,5
EFC,0001411342,5
DSKE,0001642453,5
PUMP,0001680247,5
PBBI,0001652106,5
MGTX,0001735438,5
CATS,0001136174,5
FTSV,0001667633,5
AQST,0001398733,5
BE,0001664703,5
LQDA,0001330436,5
GNTX,0000355811,5
ARLO,0001736946,5
VREX,0001681622,5
XAN,0001332551,5
FATE,0001434316,5
CMO,0000766701,5
USFD,0001665918,5
ENLC,0001592000,5
CNTY,0000911147,5
KURA,0001422143,5
TAXA,0001528930,5
ISNS,0000943034,5
AMKR,0001047127,5
SG,0001744894,5
KLDO,0001751299,5
ASTE,0000792987,5
APLT,0001697532,5
DZSI,0001101680,5
SLGG,0001621672,5
IDYA,0001676725,5
TPR,0001116132,5
CPRI,0001530721,5
PSNL,0001527753,5
RGR,0000095029,5
QMCO,0000709283,5
COLD,0001455863,5
BCPL,0001726548,5
OYST,0001720725,5
SERV,0001428875,5
UBER,0001543151,5
SI,0001312109,5
IP,0000051434,5
PROS,0001634038,5
XEC,0001168054,5
BPYU,0001496048,5
UPWK,0001627475,5
AX,0001299709,5
RGP,0001084765,5
VVNT,0001713952,5
ARNC,0001790982,5
VRM,0001580864,5
BASI,0000720154,5
BFIN,0001303942,5
JEF,0000096223,5
DMS,0001725134,5
PAND,0001807901,5
FUBO,0001484769,5
XPER,0001803696,5
BLNK,0001429764,5
KRMD,0000704440,5
LUNG,0001127537,5
RADI,0001810739,5
KRON,0001741830,5
TARS,0001819790,5
SQZ,0001604477,5
GNPK,0001819810,5
HRL,0000048465,5
CERT,0001827090,5
BCAB,0001826892,5
DRVN,0001804745,5
CRAWA,0000047307,5
TERN,0001831363,5
SGFY,0001828182,5
SATS,0001415404,5
INNV,0001834376,5
APA,0001841666,5
SPNT,0001576018,5
JOAN,0001834585,5
ADV,0001776661,5
LOV,0001705338,5
VACC,0001828185,5
AVAH,0001832332,5
CLNN,0001822791,5
AVPT,0001777921,5
FOA,0001828937,5
SMRT,0001837014,5
GIPR,0001651721,5
DICE,0001645569,5
PRCT,0001588978,5
RELY,0001782170,5
VRAR,0001854445,5
SKLZ,0001801661,5
DTM,0001842022,5
JXN,0001822993,5
TIG,0001801754,5
MDWT,0000355379,5
PRLB,0001443669,5
BAFN,0001649739,5
AMLX,0001658551,5
SMP,0000093389,5
RLTY,0001866874,5
SRI,0001043337,5
HLMN,0001822492,5
VERX,0001806837,5
ETO,0001281926,5
BOH,0000046195,5
ZIMV,0001876588,5
MBBC,0001835385,5
FBRT,0001562528,5
DAVE,0001841408,5
FORFX,0001857314,5
SST,0001805833,5
PTLO,0001871509,5
ALTI,0001838615,5
STEL,0001473844,5
CMPR,0001262976,5
GHI,0001059142,5
TGLS,0001534675,5
SHCO,0001846510,5
SLNO,0001484565,5
KGS,0001767042,5
SHYF,0000743238,5
PHIN,0001968915,5
SKWD,0001519449,5
ALGM,0000866291,5
FTRE,0001965040,5
DNTH,0001690585,5
CART,0001579091,5
NMCO,0001774342,5
PETS,0001040130,5
KLG,0001959348,5
PSBD,0001794776,5
NAIFX,0001944664,5
SOC,0001831481,5
CPEFX,0001864609,5
PX,0001841968,5
RAPP,0002012593,5
DENN,0000852772,5
NGS,0001084991,5
WBTN,0001997859,5
CRVO,0001053691,5
HKHC,0000088000,5
AAP,0001158449,5
INR,0002029118,5
AARD,0001774857,5
VG,0002007855,5
HGTY,0001840776,5
ASIC,0002040491,5
VIRC,0000751365,5
NIQ,0002054696,5
AMRZ,0002035989,5
PRMB,0002042694,5
MIAX,0001438472,5
TCGSX,0002070546,5
SQNS,0001383395,5
LXK,0001001288,4
ERH,0001279014,4
ARIA,0000884731,4
BGT,0001287480,4
SWN,0000007332,4
AGRX,0001261249,4
ANCB,0001448301,4
ALB,0000915913,4
TSN,0000100493,4
HFFC,0000881790,4
LUB,0000016099,4
CMS,0000811156,4
PKY,0000729237,4
CENT,0000887733,4
DRA,0001598085,4
IRC,0000923284,4
KO,0000021344,4
WIRE,0000850460,4
TROV,0001213037,4
FCH,0000923603,4
CLNE,0001368265,4
PNM,0001108426,4
TUBE,0001449278,4
ACAS,0000817473,4
ANH,0001047884,4
BWG,0001504545,4
HTWO,0001562214,4
ETFC,0001015780,4
OMAM,0001611702,4
OB,0001369817,4
BOBE,0000033769,4
JMLP,0001582817,4
CKP,0000215419,4
ENOC,0001244937,4
BREW,0000892222,4
NCOM,0001609951,4
FSB,0001407067,4
FIVE,0001177609,4
AAN,0000706688,4
JGH,0001615905,4
FRED,0000724571,4
GRIF,0001037390,4
ERN,0001402281,4
BCC,0001328581,4
AVP,0000008868,4
BWP,0001336047,4
NWPX,0001001385,4
COLL,0001267565,4
CUI,0001108967,4
SCSS,0000827187,4
NYRT,0001474464,4
VKI,0000908993,4
AFCB,0001472093,4
BXS,0000701853,4
GDP,0000943861,4
MU,0000723125,4
PVBC,0001635840,4
RGLS,0001505512,4
NEOS,0001467652,4
BEAV,0000861361,4
PCH,0001338749,4
USBI,0000717806,4
GLBL,0001620702,4
MED,0000910329,4
TXRH,0001289460,4
HMSY,0001196501,4
BKU,0001504008,4
FNHC,0001069996,4
RMTI,0001041024,4
TRMB,0000864749,4
CWT,0001035201,4
SCTY,0001408356,4
CRF,0000033934,4
ARGS,0001105533,4
WATT,0001575793,4
DSW,0001319947,4
CALA,0001496671,4
KR,0000056873,4
AER,0001378789,4
GPS,0000039911,4
CSX,0000277948,4
NCV,0001214935,4
NRT,0000072633,4
MBRG,0000914138,4
OOMA,0001327688,4
EDGE,0001472091,4
VTL,0001280776,4
ELGX,0001013606,4
UMBF,0000101382,4
GKOS,0001192448,4
STWD,0001465128,4
SBTB,0001354174,4
LOXO,0001581720,4
PRTK,0001178711,4
FTK,0000928054,4
EQFN,0001635626,4
KBIO,0001293310,4
NMBL,0001452751,4
EBAY,0001065088,4
OAK,0001403528,4
PSTG,0001474432,4
SYY,0000096021,4
NRE,0001646587,4
BOFI,0001299709,4
VNDA,0001347178,4
CTSO,0001175151,4
ENFC,0001522327,4
ERA,0001525221,4
GBT,0001629137,4
MLHR,0000066382,4
BGB,0001546429,4
LM,0000704051,4
RJF,0000720005,4
UNB,0000706863,4
WCC,0000929008,4
TMHC,0001562476,4
TWIN,0000100378,4
FOX,0001308161,4
ACM,0000868857,4
BGC,0000886035,4
CSOD,0001401680,4
FLOW,0001641991,4
CSWI,0001624794,4
PFG,0001126328,4
IPHS,0001364099,4
CLW,0001441236,4
NVCR,0001645113,4
AVA,0000104918,4
JUNO,0001594864,4
P,0001230276,4
WFC,0000072971,4
NPO,0001164863,4
NTLA,0001652130,4
EGAS,0000043350,4
LNCE,0000057528,4
UDR,0000074208,4
RELY,0000038984,4
SONC,0000868611,4
VCYT,0001384101,4
PLRM,0001601347,4
MAMS,0000832488,4
HONE,0001668224,4
CBSH,0000022356,4
PTGX,0001377121,4
ROIC,0001407623,4
IIVI,0000820318,4
CSRA,0001646383,4
MNOV,0001226616,4
FLGT,0001674930,4
MRT,0001616314,4
MYAN,0000822370,4
RHP,0001040829,4
TUSK,0001679268,4
GCI,0001635718,4
LNT,0000352541,4
WERN,0000793074,4
IRMD,0001325618,4
CHY,0001222719,4
SLD,0001527590,4
REN,0001469510,4
NIQ,0001564584,4
LAUR,0000912766,4
MITL,0001170534,4
DNOW,0001599617,4
SWTF,0000351817,4
SRCI,0001413507,4
HQY,0001428336,4
WHLR,0001527541,4
HRMN,0001612720,4
HCC,0001691303,4
AKAM,0001086222,4
KFFB,0001297341,4
PLXP,0001497504,4
CEMI,0001092662,4
BHGE,0001701605,4
ADSW,0001585790,4
AT,0001419242,4
SND,0001529628,4
UPL,0001022646,4
CPB,0000016732,4
JEMD,0001708261,4
RYTM,0001649904,4
CART,0001676667,4
JHB,0001647933,4
AKTS,0001584754,4
BXG,0000778946,4
CEIX,0001710366,4
FENC,0001211583,4
HDSN,0000925528,4
TIPWX,0001551047,4
TORC,0001720580,4
PBH,0001295947,4
KRG,0001286043,4
PRIM,0001361538,4
INSW,0001679049,4
ENB,0000895728,4
PQG,0001708035,4
CORE,0001318084,4
PS,0001725579,4
RMNI,0001635282,4
PCYG,0000050471,4
OMEX,0000798528,4
CCK,0001219601,4
WTI,0001288403,4
RASFN,0001045425,4
TBIO,0001693415,4
KNX,0001492691,4
THRM,0000903129,4
LGL,0000061004,4
HVT,0000216085,4
SLGN,0000849869,4
FTNW,0001122063,4
VRAY,0001597313,4
QRTEA,0001355096,4
MITK,0000807863,4
OCPIX,0001725472,4
SGMO,0001001233,4
PTE,0001076682,4
PRNB,0001510487,4
RVSP,0001041368,4
ORIT,0001483195,4
MDR,0000708819,4
WTR,0000078128,4
VGI,0001528811,4
BPR,0001496048,4
LSCC,0000855658,4
SMID,0000924719,4
MDRX,0001124804,4
ROAD,0001718227,4
BIG,0000768835,4
SABR,0001597033,4
LTN,0001725206,4
TPTX,0001595893,4
ALSN,0001411207,4
PDCE,0000077877,4
SRT,0001031029,4
TAST,0000809248,4
COHU,0000021535,4
DSSI,0001761940,4
PRIFA,0001554625,4
CMBM,0001738177,4
CNR,0000883902,4
USAT,0000896429,4
KTB,0001760965,4
CLVS,0001466301,4
WH,0001722684,4
CDXS,0001200375,4
CDMO,0000704562,4
KHC,0001637459,4
TXG,0001770787,4
PTON,0001639825,4
APRE,0001781983,4
FREQ,0001703647,4
SPCE,0001706946,4
IHTA,0001698508,4
APDN,0000744452,4
PHGE,0001739174,4
LPX,0000060519,4
NRK,0001195739,4
CIVBP,0000944745,4
NLTX,0001404644,4
MYO,0001369290,4
BKR,0001701605,4
BG,0001144519,4
HESM,0001789832,4
PEAK,0000765880,4
TA,0001378453,4
CFFI,0000913341,4
WASH,0000737468,4
IMRA,0001672619,4
ARGO,0001091748,4
BRMK,0001784797,4
RAMP,0000733269,4
ORIC,0001796280,4
LYRA,0001327273,4
ALT,0001326190,4
PROG,0001580063,4
FBRX,0001419041,4
FUSN,0001805890,4
ALXO,0001810182,4
INBX,0001739614,4
LEU,0001065059,4
FREE,0001753706,4
IEA,0001652362,4
HCDI,0001784567,4
OM,0001484612,4
PRGS,0000876167,4
LGIQ,0001335112,4
FGNA,0001818502,4
AZYO,0001708527,4
BIVI,0001580149,4
MYFW,0001327607,4
ROOT,0001788882,4
LIQT,0001307579,4
MRVI,0001823239,4
SUMR,0001314772,4
CURI,0001776909,4
MAYS,0000054187,4
PCPL,0001800347,4
ROCCU,0001824403,4
AMR,0001704715,4
ASTS,0001780312,4
AGL,0001831097,4
SWIM,0001833197,4
PRVA,0001759655,4
ATER,0001757715,4
BTRS,0001774155,4
NBA,0001823882,4
CLVT,0001764046,4
CYT,0001662244,4
VINC,0001796129,4
LRMR,0001374690,4
RPID,0001380106,4
ABSI,0001672688,4
CADL,0001841387,4
ICVX,0001786255,4
SAGE,0001597553,4
MIMO,0001823882,4
GAN,0001799332,4
SLGC,0001837412,4
NRDY,0001819404,4
TOST,0001650164,4
XLO,0001840233,4
YELL,0000716006,4
PRM,0001880319,4
FWRG,0001789940,4
SLVM,0001856485,4
LINC,0001286613,4
SEVN,0001452477,4
FSR,0001720990,4
AKYA,0001711933,4
WE,0001813756,4
SG,0001477815,4
XMTR,0001657573,4
CHPT,0001777393,4
USAU,0000027093,4
TSVT,0001860782,4
N.A.,0001163609,4
MLTX,0001821586,4
HCP,0001720671,4
CRSR,0001743759,4
QNST,0001117297,4
SVT,0000089140,4
NASD,0000923601,4
MIND,0000926423,4
COGT,0001622229,4
SLDP,0001844862,4
SLNH,0000064463,4
AIKI,0000012239,4
MLKN,0000066382,4
TAKMX,0001725472,4
GLBL,0001838615,4
PNT,0001811764,4
BRCC,0001891101,4
ATXS,0001454789,4
MBC,0001941365,4
OBIO,0001814114,4
ABST,0001071058,4
HIPO,0001828105,4
MCBS,0001747068,4
AMAM,0001836056,4
TRNR,0001785056,4
OBK,0001516912,4
ATMU,0001921963,4
AMPS,0001828723,4
PMM,0000844790,4
BMC,0000351786,4
NVRI,0000045876,4
SOWG,0001490161,4
GOVB,0001978811,4
HG,0001593275,4
UHG,0001830188,4
UDMY,0001607939,4
EXEL,0000939767,4
VTLE,0001528129,4
WFCF,0001360565,4
MNKTQ,0001567892,4
ANRO,0001999480,4
KYTX,0001994702,4
STRT,0000933034,4
PHUN,0001665300,4
BTSG,0001865782,4
CTRI,0001981599,4
PAL,0001998768,4
NN,0001865631,4
GNT,0001438893,4
TBN,0001997652,4
KVYO,0001835830,4
XPER,0001788999,4
TLSI,0001826667,4
WHLRD,0001527541,4
PRPO,0001043961,4
OMCC,0001000045,4
CCCS,0001818201,4
MDBH,0001934642,4
SMA,0001585389,4
KFRC,0000930420,4
LION,0002052959,4
N.A.,0002047442,4
MH,0001951070,4
ARX,0001997350,4
SI,0001699350,4
RAL,0002041385,4
CE,0001306830,4
RYM,0001800637,4
BCIC,0001372807,4
XZO,0001873951,4
VAC,0001524358,4
TENX,0000034956,4
EKSO,0001549084,4
RPC,0001841968,4
LOGC,0002064307,4
SBSW,0001786909,4
WBKC,0001500836,3
RECN,0001084765,3
RDI,0000716634,3
SCHN,0000912603,3
PCM,0000908187,3
AIT,0000109563,3
RLI,0000084246,3
UBNK,0001501364,3
ONCE,0001609351,3
EPRS,0001135906,3
ASBB,0001520300,3
CLIR,0001434524,3
ZU,0001478484,3
ADXS,0001100397,3
INDB,0000776901,3
EYEG,0001372514,3
SCL,0000094049,3
MDGN,0001138776,3
IPHI,0001160958,3
SCX,0000093676,3
RIGP,0001607250,3
MFSF,0001094810,3
SRPT,0000873303,3
OGS,0001587732,3
BBRG,0001495479,3
RQI,0001157842,3
BRC,0000746598,3
PLD,0001045609,3
AMBR,0001314223,3
GUID,0001375557,3
RICE,0001588238,3
CGIX,0001349929,3
OCIR,0001575051,3
GMAN,0001490636,3
DPLO,0001610092,3
CALM,0000016160,3
SIAF,0001488419,3
LOGI,0001032975,3
KBH,0000795266,3
FDEF,0000946647,3
HZO,0001057060,3
CYTK,0001061983,3
CLCD,0001348649,3
ARWA,0001622577,3
NEN,0000746514,3
JDD,0001255821,3
EQGP,0001632933,3
EGL,0001544229,3
UTF,0001275617,3
NAME,0001589094,3
BKFS,0001627014,3
XBKS,0001442741,3
RAS,0001045425,3
PTXP,0001617798,3
SXL,0001161154,3
ONCS,0001444307,3
PUB,0001636286,3
FPL,0001589420,3
TRU,0001552033,3
ALRM,0001459200,3
MCRN,0001637913,3
CNXC,0001637558,3
TLSRP,0000320121,3
FCSC,0000357097,3
BHBK,0001601545,3
PLAB,0000810136,3
SQI,0001082526,3
ABEO,0000318306,3
KYE,0001322652,3
CWST,0000911177,3
KOS,0001509991,3
CARA,0001346830,3
PEIX,0000778164,3
FLS,0000030625,3
FIG,0001380393,3
ALR,0001145460,3
GNW,0001276520,3
ABCO,0001157377,3
SAAS,0001087934,3
JPEP,0001523404,3
CTRE,0001590717,3
TPUB,0001593195,3
AMAT,0000006951,3
MOCO,0000067279,3
SYMC,0000849399,3
PBY,0000077449,3
CG,0001527166,3
DK,0001351541,3
BHL,0001412914,3
NK,0001326110,3
EBSB,0001600125,3
STI,0000750556,3
SSTK,0001549346,3
PRA,0001127703,3
SEM,0001320414,3
ISIL,0001096325,3
ACC,0001283630,3
IPI,0001421461,3
ETP,0001012569,3
AGEN,0001098972,3
OLLI,0001639300,3
KED,0001363890,3
CTMX,0001501989,3
RLYP,0001416792,3
IOTS,0001395848,3
ARAY,0001138723,3
MW,0000884217,3
NRF,0001273801,3
WFM,0000865436,3
PINC,0001577916,3
SCMP,0001365216,3
SIGI,0000230557,3
SN,0001528837,3
AJSB,0001576336,3
ESIO,0000726514,3
HIFR,0001506401,3
MENT,0000701811,3
QSII,0000708818,3
WPZ,0001483096,3
PTLA,0001269021,3
APU,0000932628,3
XILSX,0001616037,3
SPH,0001005210,3
FXCM,0001499912,3
BZM,0001169029,3
WVFC,0000910679,3
SMRT,0000884940,3
MUH,0001038190,3
C,0000831001,3
SEIC,0000350894,3
URI,0001067701,3
CFR,0000039263,3
TLMR,0001360683,3
HBKA,0001008579,3
BGNE,0001651308,3
YRCW,0000716006,3
HABT,0001617977,3
JCP,0001166126,3
INB,0001395057,3
ZOES,0001594879,3
DCI,0000029644,3
UTL,0000755001,3
IFN,0000917100,3
XL,0000875159,3
WLL,0001255474,3
OPY,0000791963,3
ABTL,0001023364,3
XENT,0001271214,3
PZRX,0001429386,3
KEYW,0001487101,3
PDFS,0001120914,3
HALL,0000819913,3
EXAR,0000753568,3
NH,0001566469,3
VRTU,0001207074,3
MOV,0000072573,3
PBNC,0001414374,3
XENE,0001582313,3
TILE,0000715787,3
JVA,0001007019,3
BTHT,0001667840,3
WCFB,0001667944,3
ITGR,0001114483,3
GEMP,0001638287,3
TTGT,0001293282,3
MEDP,0001668397,3
CHUBA,0001665658,3
AGTC,0001273636,3
HY,0001173514,3
HOFD,0000833795,3
NKTR,0000906709,3
CLH,0000822818,3
WVVI,0000838875,3
LKSD,0001669812,3
SKX,0001065837,3
WEBK,0001526952,3
KIO,0001515940,3
WRD,0001681714,3
TIVO,0001675820,3
KNDI,0001316517,3
CHSCP,0000823277,3
JAG,0001685715,3
JNCE,0001640455,3
GCH,0000887546,3
XEL,0000072903,3
MODN,0001118417,3
BWXT,0001486957,3
AHP,0001574085,3
PSDO,0001631825,3
VLRX,0001619250,3
HESM,0001619739,3
AGIO,0001439222,3
FND,0001507079,3
AKR,0000899629,3
SBGI,0000912752,3
BEBE,0001059272,3
CNNB,0001635484,3
ORCL,0001341439,3
CDEV,0001658566,3
TCF,0000814184,3
BBGI,0001099160,3
AKCA,0001662524,3
CRWS,0000025895,3
EEA,0000791718,3
METC,0001687187,3
MDGL,0001157601,3
DKS,0001089063,3
RGC,0001168696,3
OVID,0001636651,3
OMP,0001652133,3
BTT,0001528437,3
SVRA,0001160308,3
RES,0000742278,3
FCRIX,0001688897,3
XPER,0001690666,3
AQUA,0001604643,3
DS,0001175483,3
JCI,0000833444,3
FIV,0001687081,3
CURO,0001711291,3
DRNA,0001399529,3
MLNT,0001461993,3
FTSI,0001529463,3
EFL,0001701167,3
UFPI,0000912767,3
TKR,0000098362,3
SIEN,0001551693,3
EVLO,0001694665,3
CAI,0001388430,3
PIRS,0001583648,3
RASFO,0001045425,3
CHRA,0001730346,3
APTX,0001674365,3
FNTE,0001683695,3
EYEN,0001682639,3
NA,0001206942,3
RUBY,0001709401,3
REPL,0001737953,3
IIM,0000885601,3
CPHC,0001672909,3
TENB,0001660280,3
GSKY,0001712923,3
VCNX,0001205922,3
NWS,0001564708,3
SNDR,0001692063,3
JEQ,0000866095,3
STRO,0001382101,3
NICHX,0001736510,3
PLAN,0001540755,3
ALLO,0001737287,3
LOGC,0001664106,3
FNF,0001331875,3
AXNX,0001603756,3
CLM,0000814083,3
FRBK,0000834285,3
TWST,0001581280,3
SIGA,0001010086,3
TTMI,0001116942,3
NODK,0001681206,3
VRRM,0001682745,3
CMIA,0001058623,3
PWR,0001050915,3
MUA,0000901243,3
MRVL,0001058057,3
PTEN,0000889900,3
AAIDX,0001754927,3
SITC,0000894315,3
WRK,0001732845,3
EAGL,0001712189,3
AMRX,0001723128,3
SDI,0000911649,3
MOD,0000067347,3
AFL,0000004977,3
MS,0000895421,3
TMDX,0001756262,3
AIMC,0001374535,3
COOP,0000933136,3
NXTC,0001661059,3
BBCP,0001703956,3
CINR,0001575051,3
ALTM,0001692787,3
BCYC,0001761612,3
VCRRX,0001687898,3
RSF,0001644771,3
TGTX,0001001316,3
KRTX,0001771917,3
CHNG,0001756497,3
AVRO,0001681087,3
CSTL,0001447362,3
MMSI,0000856982,3
BSIG,0001748824,3
CRCM,0001412270,3
CLB,0001000229,3
CLNY,0001679688,3
SGRY,0001638833,3
PNI,0001170311,3
FRGA,0001528930,3
MOSC,0001713952,3
PGNY,0001551306,3
TCF,0000019612,3
GCI,0001579684,3
IMXI,0001683695,3
VSH,0000103730,3
ARAV,0001513818,3
AAACX,0001777529,3
ZYME,0001403752,3
ANVS,0001477845,3
PFHD,0001630856,3
YTEN,0001121702,3
R,0000085961,3
MCS,0000062234,3
AVYA,0001418100,3
NGVT,0001653477,3
NBW,0001178840,3
CKH,0000859598,3
FANG,0001539838,3
WTRG,0000078128,3
NXGN,0000708818,3
XOM,0000034088,3
TCX,0000909494,3
MBUU,0001590976,3
CMD,0000019446,3
OVBC,0000894671,3
NHI,0000877860,3
ADS,0001101215,3
VBF,0000005094,3
ZNTL,0001725160,3
KROS,0001664710,3
NBSE,0001173281,3
CATC,0000711772,3
ROCHU,0001796303,3
NP,0001296435,3
NKLA,0001731289,3
RNA,0001599901,3
AVEO,0001325879,3
VTOL,0001525221,3
AKUS,0001722271,3
MITI,0000802257,3
LEVI,0000094845,3
INZY,0001693011,3
ANNX,0001528115,3
ALVR,0001754068,3
ACI,0001646972,3
HSAQ,0001814114,3
WPF,0001809104,3
BIGC,0001626450,3
VG,0001272830,3
HRMY,0001802665,3
EPR,0001045450,3
ATHA,0001620463,3
CCCC,0001662579,3
ONCR,0001671818,3
LOOP,0001504678,3
RZLT,0001509261,3
AVIR,0001593899,3
WRTC,0001702924,3
GLTO,0001800315,3
PRAX,0001689548,3
OFS,0001487918,3
SFT,0001762322,3
KNTE,0001797768,3
SCND,0000087802,3
UPST,0001647639,3
GOEV,0001750153,3
BCYP,0001833214,3
ZDGE,0001667313,3
BOLT,0001641281,3
EVOJ.U,0001834342,3
SCPS,0001772028,3
GTYH,0001682325,3
UWMC,0001783398,3
SWBI,0001092796,3
GSRHX,0001796242,3
LBRDA,0001611983,3
RXDX,0001718852,3
OLO,0001431695,3
OSS,0001394056,3
TDUP,0001484778,3
QS,0001811414,3
SCOB,0001838431,3
COMP,0001563190,3
IMPL,0001445499,3
HOWL,0001785530,3
TALS,0001827506,3
GPRO,0001500435,3
SMMT,0001599298,3
HJLI,0001661053,3
UGRO,0001706524,3
WYY,0001034760,3
CIR,0001091883,3
GFOR,0001845459,3
GRRB,0001126961,3
ELDN,0001404281,3
FDP,0001047340,3
SQFT,0001080657,3
PDSB,0001472091,3
PCSA,0001533743,3
ATAI,0001840904,3
DOCS,0001516513,3
IVAN,0001819142,3
UP,0001819516,3
ERAS,0001761918,3
HCWB,0001828673,3
ZVIA,0001854139,3
OMGA,0001850838,3
NUVL,0001861560,3
ILPT,0001717307,3
BRBR,0001772016,3
TNL,0001361658,3
LDI,0001831631,3
WEBR,0001857951,3
APPH,0001807707,3
BRSP,0001717547,3
VAL,0000314808,3
SOL,0001417892,3
LWAY,0000814586,3
CADEX,0001678124,3
PYXS,0001782223,3
ARIS,0001865187,3
BTTX,0001832415,3
GGZ.B,0001585855,3
BALY,0001747079,3
WEAV,0001609151,3
FTCI,0001828161,3
LRFC,0001571329,3
OPAD,0001825024,3
NVNO,0001661053,3
LTRX,0001114925,3
OWL,0001823945,3
LOCL,0001840780,3
IDN,0001040896,3
MGNI,0001595974,3
ICAD,0000749660,3
STLY,0000797465,3
RGF,0001871149,3
HIMS,0001773751,3
PLL,0001728205,3
PL,0001836833,3
VINE,0001880343,3
CINC,0001868734,3
NSTS,0001881592,3
SSIC,0001843162,3
ACLX,0001786205,3
SKYX,0001598981,3
RMMZ,0001870833,3
DT,0001773383,3
AMPL,0001866692,3
RTL,0001568162,3
CVT,0001827075,3
JHG,0001274173,3
WW,0000105319,3
VNT,0001786842,3
AVDX,0001858257,3
EIM,0001176984,3
PLBY,0001803914,3
PCG,0000075488,3
HLVX,0001888012,3
PEPG,0001835597,3
NYSE,0000910108,3
ATLC,0001464343,3
NVVE,0001836875,3
CCSI,0001866633,3
DBRG,0001679688,3
HOUS,0001398987,3
FOF,0001375340,3
AMAL,0001823608,3
NRGV,0001828536,3
RUM,0001830081,3
LFT,0001547546,3
VRE,0000924901,3
TWKS,0001866550,3
SPRY,0001671858,3
NL,0000072162,3
GRX.G,0001391437,3
LGTO,0001883814,3
IDR,0001030192,3
AESI,0001910950,3
BANR,0000946673,3
WABC,0000311094,3
KVUE,0001944048,3
GEN,0000849399,3
EVBG,0001437352,3
ZUMZ,0001318008,3
PMO,0000900422,3
PTSI,0000798287,3
LOCO,0001606366,3
OABI,0001846253,3
EVT,0001253327,3
ETG,0001270523,3
SKIN,0001818093,3
DSGR,0000703604,3
AEHR,0001040470,3
STEW,0000102426,3
CRGX,0001966494,3
ATNI,0000879585,3
CDP,0000860546,3
CORFX,0001814390,3
WS,0001968487,3
PMFAX,0001723701,3
SPHR,0001795250,3
LMND,0001691421,3
IONQ,0001824920,3
LSAK,0001041514,3
GHLD,0001821160,3
INLX,0001081745,3
NAGRX,0001990685,3
MFIC,0001278752,3
OBDE,0001807427,3
PR,0001658566,3
BCAX,0002023658,3
LUCY,0001808377,3
BIOA,0001709941,3
GRDN,0001802255,3
BBWI,0000701985,3
SNWV,0001417663,3
COYA,0001835022,3
SEDG,0001419612,3
AZTA,0000933974,3
FLOC,0002035149,3
NAN,0001074769,3
SFD,0000091388,3
SION,0002036042,3
PPTA,0001526243,3
NPKI,0000071829,3
FSUN,0001709442,3
DSM,0000855887,3
BMACX,0002032432,3
WSBK,0002047235,3
IAE,0001385632,3
NTHI,0001979414,3
ACCS,0000843006,3
LIEN,0001843162,3
PPRUX,0001875084,3
NG,0001173420,3
PAYIX,0002027076,3
PBLSX,0002046200,3
PRSU,0000884219,3
LNPIX,0002054995,3
MPLT,0001770069,3
BBT,0001108134,3
GLXY,0001859392,3
NSP,0001000753,3
SENS,0001616543,3
ACVA,0001637873,3
CXH,0000847411,3
CSGP,0001057352,3
VSNT,0002067876,3
PICS,0001841644,3
CCO,0001334978,2
PPT,0000827773,2
HEOP,0000921547,2
BBG,0001172139,2
EVEP,0001361937,2
MSFDX,0001523289,2
CMA,0000028412,2
FCZA,0000944745,2
PFN,0001296250,2
PFL,0001244183,2
MSFT,0000789019,2
COB,0000764811,2
LENS,0001591096,2
ENTL,0001374128,2
SHAK,0001620533,2
NVET,0001618561,2
CHEV,0001528843,2
DOW,0000029915,2
AVNU,0001616297,2
FELP,0001540729,2
EAGL,0001575988,2
L,0000060086,2
COUP,0001115128,2
ITEK,0001281895,2
DPM,0001338065,2
SBY,0001557255,2
TTEC,0001013880,2
AKRX,0000003116,2
GEQ,0001526104,2
CLCT,0001089143,2
LDP,0001548717,2
MRO,0000101778,2
CNNX,0001610418,2
WLB,0000106455,2
MCEP,0001527709,2
GTY,0001052752,2
BSF,0001006424,2
CPK,0000019745,2
GNCA,0001457612,2
MEN,0000844172,2
XOXO,0001062292,2
OXBR,0001584831,2
STDY,0001619087,2
MIE,0001564216,2
OXBRU,0001584831,2
SBI,0000882300,2
SNFCA,0000318673,2
EPM,0001006655,2
ARCW,0000826326,2
FMI,0001488613,2
EVLV,0000870826,2
NMS,0001607997,2
NDAQ,0001120193,2
DAN,0000026780,2
NUE,0000073309,2
FAX,0000790500,2
BPMC,0001597264,2
MUS,0001058234,2
ICD,0001537028,2
REXX,0001397516,2
HSKA,0001038133,2
ALJ,0001325955,2
REXI,0000083402,2
FMSA,0001010858,2
FFMH,0000703329,2
IMMY,0001360214,2
FSAM,0001611988,2
LPSN,0001102993,2
FWV,0000037049,2
LPLA,0001397911,2
RCMT,0000700841,2
LBF,0000887590,2
WRI,0000828916,2
XPO,0001166003,2
SNC,0001610793,2
LDR,0000825410,2
PHIIK,0000350403,2
NID,0001557915,2
ALQA,0001054274,2
ONNN,0001097864,2
FLCF,0001283582,2
FOGO,0001627487,2
RATE,0001518222,2
WAC,0001040719,2
GNRT,0001443799,2
MSO,0001091801,2
FFC,0001174164,2
UFAB,0001617669,2
YUME,0001415624,2
SHLO,0000904979,2
ARMF,0001572280,2
FTI,0001135152,2
CHMA,0001339469,2
MATR,0001094348,2
AMED,0000896262,2
PLXS,0000785786,2
TASR,0001069183,2
YELP,0001345016,2
OSK,0000775158,2
WEC,0000783325,2
DFT,0001407739,2
CAP,0001388430,2
PF,0001564822,2
TVPT,0001424755,2
TNET,0000937098,2
EQC,0000803649,2
SALM,0001050606,2
LMOS,0001520744,2
KCG,0001569391,2
GCA,0001318568,2
PGLC,0001432196,2
HLI,0001302215,2
HZNP,0001492426,2
IDTI,0000703361,2
HALO,0001159036,2
RAX,0001107694,2
FFA,0001291334,2
FCT,0001282850,2
EVDY,0001358483,2
BNCN,0001210227,2
NHTC,0000912061,2
BKMU,0001123270,2
STBZ,0001497275,2
HYH,0001606498,2
HIVE,0001372414,2
BV,0001330421,2
CPGX,0001629995,2
BBT,0000092230,2
ATW,0000008411,2
MTGB,0001543367,2
WFT,0001603923,2
OMED,0001302573,2
AIR,0000001750,2
LPCN,0001535955,2
HYI,0001497186,2
MIRN,0001527599,2
HCHC,0001006837,2
RIF,0001452477,2
BDN,0000790816,2
CEMP,0001461993,2
LVS,0001300514,2
UTEK,0000909791,2
RCIAX,0001628040,2
FFNM,0001128227,2
QDEL,0000353569,2
FCN,0000887936,2
DGII,0000854775,2
FTD,0001575360,2
TKAI,0001404281,2
IMGN,0000855654,2
W,0001616707,2
NEFF,0001617667,2
SNNY,0001571398,2
RAVE,0000718332,2
RUSHB,0001012019,2
ENH,0001179755,2
CCXI,0001340652,2
STCK,0001574815,2
HNH,0000106618,2
HTY,0001396502,2
APC,0000773910,2
XCRA,0000357020,2
STRP,0001574460,2
MHD,0001034665,2
CR,0000025445,2
TSS,0000721683,2
CHCO,0000726854,2
FCB,0001476651,2
WRK,0001636023,2
MQY,0000890196,2
BLE,0001176194,2
TLLP,0001507615,2
AWH,0001163348,2
HUBG,0000940942,2
ZFGN,0001374690,2
BRKS,0000933974,2
NXTM,0001333170,2
NILE,0001091171,2
NLS,0001078207,2
PCMI,0000937941,2
RTRX,0001438533,2
DLR,0001297996,2
KTWO,0001499807,2
LORL,0001006269,2
KNL,0001011570,2
RFI,0000891290,2
SENEB,0000088948,2
AXON,0001636050,2
GI,0001623919,2
BETR,0001640313,2
IRBT,0001159167,2
FE,0001031296,2
LUK,0000096223,2
CYAN,0000768408,2
RNF,0001525998,2
SPE,0000355933,2
CFCB,0001019650,2
TLP,0001319229,2
MNP,0000894351,2
IHRC,0000055362,2
NRO,0001261166,2
POWL,0000080420,2
GSBC,0000854560,2
WEB,0001095291,2
SITE,0001650729,2
ZAGG,0001296205,2
IZEA,0001495231,2
TOWR,0001485469,2
GDO,0001472341,2
FCFP,0001469134,2
VIVE,0000879682,2
CFI,0000723603,2
RH,0001528849,2
VMO,0000884152,2
JHD,0001666735,2
BOLD,0001628738,2
DMB,0001565381,2
CCN,0001614818,2
ACLS,0001113232,2
FORM,0001039399,2
LDL,0000060977,2
NTN,0000748592,2
ATVI,0000718877,2
BXP,0001037540,2
FAF,0001472787,2
DV,0000730464,2
GRUB,0001594109,2
ECOL,0000742126,2
SYRG,0001413507,2
GNCMA,0000808461,2
OBLN,0001427570,2
MRAM,0001438423,2
NA,0001636365,2
IRTC,0001388658,2
AMTD,0001173431,2
MFL,0001045126,2
KRA,0001321646,2
GGO,0001635193,2
GOLF,0001672013,2
FII,0001056288,2
CLGX,0000036047,2
DRYS,0001308858,2
PCO,0001359555,2
PDCO,0000891024,2
EMF,0000809708,2
SNES,0001680378,2
CHSCL,0000823277,2
INFO,0001598014,2
AQB,0001603978,2
INVH,0001687229,2
HLNE,0001433642,2
HMTA,0001461640,2
TTPH,0001373707,2
GPM,0001310709,2
FMCIU,0001697152,2
ORMP,0001176309,2
TOCA,0001419041,2
CFBI,0001691507,2
NVUS,0001404281,2
EXC,0001109357,2
PZN,0001399249,2
FIT,0001447599,2
CBMG,0001378624,2
KBLMU,0001690080,2
DEPO,0001005201,2
ACOR,0001008848,2
XFEYX,0001685531,2
HA,0001172222,2
SGBX,0001023994,2
AFH,0001539894,2
SNNA,0001656328,2
QUAD,0001481792,2
SNOA,0001367083,2
CEE,0000860489,2
IAMXU,0001708410,2
TPGE,0001698990,2
RBA,0001046102,2
MHF,0000830487,2
NBRV,0001641640,2
DOTAU,0001705771,2
SWCH,0001710583,2
BPMP,0001708301,2
ALNA,0001624658,2
OSUR,0001116463,2
MSP,0001317080,2
AFSI,0001365555,2
KEG,0000318996,2
XELA,0001620179,2
SDOIA,0000911649,2
FNGN,0001430592,2
ROL,0000084839,2
COHN,0001270436,2
LBRT,0001694028,2
BGFLX,0001710523,2
NYNY,0000906780,2
SSBP,0001716188,2
AVX,0000859163,2
MTECU,0001719893,2
JHA,0001647932,2
MGEN,0001590750,2
HOLX,0000859737,2
DHCP,0001040719,2
QES,0001704235,2
MOTS,0001686850,2
ATOM,0001420520,2
CVON,0001697152,2
VNTR,0001705682,2
GIFI,0001031623,2
DRH,0001298946,2
SPTN,0000877422,2
FRHC,0000924805,2
CLNS,0001679688,2
RBBN,0001708055,2
CCT,0001494538,2
WTTR,0001693256,2
UMRX,0001622229,2
FIXX,0001661998,2
MDB,0001441816,2
MET,0001099219,2
UAA,0001336917,2
HPR,0001725526,2
EGC,0001404973,2
NESR,0001698514,2
AMPH,0001297184,2
TRIN,0000099771,2
DF,0000931336,2
GIS,0000040704,2
INT,0000789460,2
ONDK,0001420811,2
PEER,0001355839,2
APY,0001723089,2
DNI,0001059213,2
SMTA,0001722992,2
CLXT,0001705843,2
TWLVU,0001726146,2
MGTA,0001690585,2
STIM,0001227636,2
ALLK,0001564824,2
JRI,0001539337,2
FOCS,0001651052,2
BGCP,0001094831,2
RST,0001351285,2
DWSN,0000799165,2
TZACU,0001742927,2
HBIO,0001123494,2
RASFP,0001045425,2
PDLB,0001703489,2
ETTX,0001724344,2
LGCY,0001735828,2
HWC,0000750577,2
MDLY,0001611110,2
CENX,0000949157,2
FLEX,0000866374,2
BWA,0000908255,2
DLX,0000027996,2
TG,0000850429,2
TRGP,0001389170,2
CARG,0001494259,2
CBRE,0001138118,2
BBF,0001137392,2
CFFA,0001728041,2
SYNH,0001610950,2
MYN,0000882150,2
CCA,0001092896,2
ALEC,0001653087,2
LEAF,0001365038,2
CYCN,0001755237,2
HOOK,0001760542,2
PINS,0001506293,2
TST,0001080056,2
CBDC,0001633336,2
MR,0001600470,2
TRMT,0001708405,2
PZZA,0000901491,2
SYTE,0001096934,2
WTRH,0001653247,2
TCI,0000733590,2
EDNT,0001717556,2
RTLR,0001748773,2
VCMIX,0001515001,2
RBCN,0001410172,2
VCIF,0001517767,2
PRVL,0001714798,2
ADPT,0001478320,2
PBFS,0001769663,2
BRO,0000079282,2
LVGO,0001639225,2
BDC,0000913142,2
VERY,0001575434,2
MD,0000893949,2
INGN,0001294133,2
TDS,0001051512,2
CVET,0001752836,2
FORR,0001023313,2
NCZ,0001227857,2
MTX,0000891014,2
DGLF,0001484769,2
NA,0001742952,2
XGN,0001274737,2
DDOG,0001561550,2
CCSB,0001682593,2
VIE,0001734517,2
CABA,0001759138,2
CLNC,0001717547,2
DBX,0001467623,2
HMG,0000311817,2
NR,0000071829,2
ALIM,0001267602,2
TPCO,0001593195,2
CTRA,0001704715,2
MNPR,0001645469,2
VEL,0001692376,2
SDGR,0001490978,2
CSPR,0001598674,2
DUOT,0001396536,2
MRNA,0001682852,2
ZGYHU,0001773086,2
ITI,0000350868,2
CBIO,0001124105,2
TRIP,0001526520,2
CTS,0000026058,2
ADNT,0001670541,2
LYV,0001335258,2
CHUY,0001524931,2
OSW,0001758488,2
JACK,0000807882,2
PIPR,0001230245,2
NOV,0001021860,2
FCNCA,0000798941,2
PFSI,0001745916,2
LYB,0001489393,2
BOKF,0000875357,2
GRA,0001045309,2
MMP,0001126975,2
OXFD,0001586049,2
PAR,0000708821,2
ARCH,0001037676,2
WINT,0000946486,2
OPRT,0001538716,2
NVAX,0001000694,2
PMX,0001181506,2
PCVX,0001649094,2
FMTX,0001538927,2
GMED,0001237831,2
EPAC,0000006955,2
VSAT,0000797721,2
ZYXI,0000846475,2
PACQ,0001726293,2
AFIB,0001522860,2
SP,0001059262,2
CPLG,0001707178,2
LCAP,0001802450,2
IMBI,0000870826,2
MTCR,0001634379,2
LSF,0001650696,2
GRAY,0001534133,2
LNSR,0001320350,2
IEP,0000813762,2
HCCO,0001791091,2
STTK,0001680367,2
CDAK,0001659352,2
ALGS,0001799448,2
TMTSU,0001822553,2
MSP,0001724570,2
FHTX,0001822462,2
CVLG,0000928658,2
XCSIX,0001818255,2
BMRG,0001805077,2
MPV,0000831655,2
RMED,0001716621,2
FSKR,0001525759,2
MVF,0000835948,2
SEER,0001726445,2
SGTX,0001821323,2
HYFM,0001695295,2
FLAC,0001828326,2
FDMT,0001650648,2
BFI,0001723580,2
GRX.C,0001391437,2
DNMR,0001779020,2
BMTX,0001725872,2
AKICU,0001826574,2
MCADU,0001832415,2
EOI,0001300391,2
LABP,0001785345,2
BFLY,0001804176,2
DBTX,0001656536,2
TLIS,0001584751,2
LZB,0000057131,2
AVXL,0001314052,2
FLME,0001831481,2
VERU,0000863894,2
RSI,0001793659,2
SNCY,0001743907,2
FNCH,0001733257,2
EDSA,0001540159,2
DOCN,0001582961,2
NUVB,0001811063,2
MBTCU,0001837344,2
TSP,0001823593,2
FBP,0001057706,2
AACQ,0001802457,2
HSTM,0001095565,2
TUGC,0001847075,2
AFI,0001655075,2
BLDE,0001779128,2
MAQCU,0001844419,2
RDNT,0000790526,2
CDXC,0001386570,2
ARYA,0001808805,2
MCAEU,0001853775,2
VFLEX,0001681717,2
BMBL,0001830043,2
NBXG,0001843181,2
ACHV,0000949858,2
MO,0000764180,2
OMIC,0001850906,2
OWSCX,0001748680,2
XPMIX,0001789470,2
MQ,0001522540,2
ONDS,0001646188,2
FGPR,0000922358,2
ZTAQU,0001849408,2
IPSC,0001850119,2
LYEL,0001806952,2
TALK,0001803901,2
CXM,0001569345,2
ELEV,0001783032,2
GLUE,0001826457,2
AVTE,0001798749,2
INTA,0001565687,2
EVCM,0001853145,2
ABOS,0001576885,2
HGLB,0001622148,2
IMGO,0001623715,2
PECO,0001476204,2
INST,0001841804,2
BASE,0001845022,2
IMAQ,0001846235,2
SNPO,0001856430,2
MXCT,0001287098,2
POR,0000784977,2
DIBS,0001600641,2
SNAX,0001691936,2
SUNL,0001821850,2
EPIX,0001633932,2
HLLY,0001822928,2
AADI,0001422142,2
XOS,0001819493,2
TMX,0001428875,2
POLY,0000914025,2
BVS,0001665988,2
ABM,0000771497,2
INDP,0001857044,2
LASAX,0001855299,2
SKIL,0001774675,2
THRN,0001844280,2
BRLT,0001866757,2
AKA,0001865107,2
LOKB,0001821769,2
CGTX,0001455365,2
GRX.E,0001391437,2
NVTS,0001821769,2
VTYX,0001851194,2
UTRS,0001452965,2
RENT,0001468327,2
LIAN,0001831283,2
JBLU,0001158463,2
UIS,0000746838,2
IOBT,0001865494,2
UNM,0000005513,2
VAXX,0001851657,2
EBS,0001367644,2
VOSO,0001822888,2
MCAGU,0001859035,2
PTMN,0001372807,2
OLPX,0001868726,2
NA,0001755755,2
LVLU,0001780201,2
III,0001371489,2
TOI,0001799191,2
TLS,0000320121,2
ARIZ,0001882078,2
ISEE,0001410939,2
MYMD,0001321834,2
SILK,0001397702,2
FXLV,0001788717,2
CHGG,0001364954,2
FLUX,0001083743,2
ACET,0001720580,2
DTC,0001870600,2
IMMX,0001873835,2
CADCX,0001678124,2
VIGL,0001827087,2
ASO,0001817358,2
SKYH,0001823587,2
EFTR,0001828522,2
LESL,0001821806,2
ARMP,0000921114,2
CLSK,0000827876,2
DH,0001861795,2
SANA,0001770121,2
TRSSF,0001778129,2
GDL.E,0001378701,2
DV,0001819928,2
RWOD,0001907223,2
AMWD,0000794619,2
DCT,0001160951,2
PBB,0001849670,2
NVRO,0001444380,2
XPEL,0001767258,2
RIVN,0001874178,2
MARA,0001507605,2
BROS,0001866581,2
SMR,0001822966,2
PFHC,0001881487,2
GBNY,0001823365,2
KOSS,0000056701,2
PCOR,0001611052,2
STER,0001645070,2
NLOK,0000849399,2
ACCD,0001481646,2
RVAC,0001846136,2
EMBK,0001827980,2
PROK,0001850270,2
COHR,0000820318,2
VTSI,0001085243,2
THRD,0001923840,2
SCHL,0000866729,2
PRME,0001894562,2
XSPIX,0001918642,2
ODP,0000800240,2
ROIV,0001635088,2
ACRV,0001781174,2
GXO,0001852244,2
MPTI,0001902314,2
IGI,0001462586,2
WEA,0001163792,2
LCID,0001811210,2
LFHAX,0001802293,2
DHHC,0001830188,2
IRON,0001816736,2
SRCL,0000861878,2
STR,0001949543,2
CLMB,0000945983,2
SYM,0001837240,2
CBUS,0001705843,2
CALC,0001534133,2
CAVA,0001639438,2
MUX,0000314203,2
MSGE,0001952073,2
APGE,0001974640,2
SGMT,0001400118,2
TSBX,0001764974,2
CETFX,0001842754,2
ACAX,0001897245,2
EXFY,0001476840,2
TNGX,0001819133,2
ML,0001807846,2
BYTS,0001842566,2
SMLR,0001554859,2
SMTC,0000088941,2
MEIP,0001262104,2
PPIH,0000914122,2
CODA,0001334325,2
NAPA,0001835256,2
LXEO,0001907108,2
JPC,0001216583,2
FNA,0001531978,2
CCRD,0000320340,2
SVV,0001883313,2
STRR,0000707388,2
ODCEX,0001783964,2
AVBP,0001868279,2
GUTS,0001572616,2
JSPR,0001788028,2
PMNT,0001849221,2
WT,0000880631,2
D,0000715957,2
NLOP,0001952976,2
OTLK,0001649989,2
ONCT,0001260990,2
BOW,0002002473,2
NA,0001156174,2
WAY,0001990354,2
LB,0001995807,2
TWFG,0002007596,2
ARTV,0001817241,2
ZI,0001794515,2
VMEO,0001837686,2
ACTU,0001652935,2
NUTX,0001479681,2
MNMD,0001813814,2
DNLIX,0002000182,2
PIIVX,0001557265,2
ENGN,0001980845,2
SARO,0002025410,2
CAMP,0001736730,2
GDV.M,0001260729,2
CBLL,0001861107,2
DRUG,0001827401,2
INGM,0001897762,2
ROLR,0001947210,2
ZETA,0001851003,2
IZTC,0002010788,2
FBLA,0002013639,2
NGNE,0001404644,2
AGFY,0001800637,2
GAIIX,0002026098,2
DHCIX,0002022290,2
PVLA,0001583648,2
IONS,0000874015,2
OKLO,0001849056,2
RAIN,0002028293,2
AMTM,0002011286,2
ECG,0002015845,2
LLIAX,0002005563,2
NPB,0001336706,2
FLYW,0001580560,2
FA,0001210677,2
UCB,0000857855,2
AEVA,0001789029,2
UYSC,0002036973,2
FERLX,0002006189,2
IOR,0000949961,2
NRC,0000070487,2
FRGE,0001827821,2
FIP,0001899883,2
VKQ,0000877463,2
VOYG,0001788060,2
CAI,0002019410,2
INTG,0000069422,2
NMP,0002054876,2
COSO,0001297107,2
CNC,0001071739,2
IMA,0001835579,2
FIG,0001579878,2
BWIN,0001781755,2
MKZR,0001550913,2
SMC,0002024218,2
TTGT,0002018064,2
WBI,0002064947,2
ASPJX,0001862281,2
KMX,0001170010,2
YCY,0002075336,2
XCPIX,0001899610,2
CELH,0001341766,2
EVMN,0002044725,2
SUNC,0002089661,2
DKNG,0001883685,2
CNH,0001567094,2
TREX,0001069878,2
OTF,0001747777,2
DFDV,0001805526,2
CBC,0002065601,2
CBK,0001981546,2
INV,0002001557,2
PARK,0002069604,2
WMG,0001319161,2
JFB,0002024306,2
CDNL,0002079999,2
ANDG,0002065708,2
GPUS,0000896493,2
RPLRT,0002081628,2
AKTS,0002035832,2
LIFE,0001788451,2
VENU,0001770501,2
MIFAX,0001988752,2
PMPEX,0001815609,2
MANE,0001827635,2
EIKN,0001861123,2
SGP,0001778922,2
ASST,0001920406,2
NP,0002067129,2
GENB,0002100782,2
HERZ,0000880406,2
AI,0001577526,2
CRT,0000881787,2
ESES,0001135657,1
LGND,0000886163,1
TLOG,0001361248,1
BNCL,0001615418,1
SOCB,0001083689,1
REFR,0000793524,1
BFFI,0001366925,1
UBPPRF,0001029800,1
COBZ,0001028734,1
RCS,0000916183,1
TIK,0000096885,1
ZSAN,0001587221,1
EMC,0000790070,1
FDBC,0001095181,1
AMCC,0000711065,1
ADEP,0000865415,1
YHOO,0001011006,1
OHRP,0001173281,1
ZIOP,0001107421,1
CPPL,0001420783,1
MBFI,0001139812,1
ALG,0000897077,1
UVIC,0000852564,1
NPM,0000885734,1
MDAS,0001254419,1
CYS,0001396446,1
SONS,0001105472,1
BMS,0000011199,1
SMPL,0001412109,1
SYKE,0001010612,1
ARC,0001305168,1
LPSB,0001549276,1
OSHC,0001444397,1
STR,0000751652,1
TTI,0000844965,1
HLX,0000866829,1
MNRK,0001364856,1
EVHC,0001578318,1
BMR,0001289236,1
KKD,0001100270,1
AEPI,0000785787,1
CAPN,0001484565,1
SMTP,0001506439,1
FMD,0001262279,1
TPH,0001561680,1
JEFFL,0001573683,1
NEV,0001469392,1
ESV,0000314808,1
BUI,0001528988,1
VNR,0001384072,1
AMIC,0000097196,1
JBL,0000898293,1
SPPR,0000929545,1
LPI,0001528129,1
TOFR,0001597389,1
CBK,0000883943,1
OPHT,0001410939,1
CERU,0001401914,1
CNAT,0001383701,1
CBYL,0001348911,1
SEAC,0001019671,1
PIR,0000278130,1
RLGT,0001171155,1
ADRO,0001435049,1
AKBA,0001517022,1
TYC,0000833444,1
CBF,0001479750,1
NQU,0000874506,1
GUT,0001080720,1
CCF,0000830524,1
NBD,0001493523,1
IG,0000352998,1
BBX,0000921768,1
FMER,0000354869,1
PTX,0001024126,1
YDKN,0001366367,1
QLYS,0001107843,1
RSG,0001060391,1
SKUL,0001423542,1
USTR,0000355999,1
WPRT,0001370416,1
XNPT,0001130591,1
BOJA,0001630132,1
LOJN,0000355777,1
JTD,0001397173,1
HRG,0000109177,1
VA,0001614436,1
RDC,0000085408,1
METR,0001085706,1
CPHC,0000926761,1
SE,0001373835,1
SAJA,0001118037,1
ASEI,0000005768,1
OTIC,0001493566,1
NPTN,0001227025,1
SHOR,0001388133,1
NPTN,0001069258,1
TLI,0001068963,1
BRKSL,0001573683,1
QLGC,0000918386,1
WWAV,0001555365,1
UCBA,0001514131,1
ALMG,0001100542,1
GLUU,0001366246,1
VRTA,0001328300,1
NPI,0000833251,1
SWAY,0001579471,1
ICFI,0001362004,1
TPLM,0001281922,1
MGCD,0000815093,1
DMD,0001365038,1
PULM,0001574235,1
WING,0001636222,1
HLTH,0001409916,1
SUI,0000912593,1
RTTR,0001460702,1
MRVC,0000887969,1
CATB,0001454789,1
PZZI,0000718332,1
XTLY,0001322554,1
ITUSD,0000715446,1
AOI,0000939930,1
ZTS,0001555280,1
GFY,0001299393,1
TRCK,0001045942,1
CPRT,0000900075,1
JKMTL,0001573683,1
GRR,0000912729,1
DNAI,0001290149,1
WIBC,0001285224,1
ETF,0000913662,1
WYIGU,0001641398,1
EPE,0001584952,1
HLT,0001585689,1
EMR,0000032604,1
OIA,0000835333,1
CVU,0000889348,1
ARPI,0001548981,1
IOSP,0001054905,1
GDDY,0001609711,1
DSCI,0000892160,1
NVIV,0001292519,1
PDLI,0000882104,1
VIAV,0000912093,1
GTI,0000931148,1
SEMI,0001585854,1
HCLP,0001549848,1
NUAN,0001002517,1
ACFC,0001404296,1
AMTG,0001515980,1
SLAB,0001038074,1
RTK,0000868725,1
GTIM,0000825324,1
LTS,0001029730,1
VWR,0001412232,1
USPH,0000885978,1
FRA,0001259708,1
CPHD,0001037760,1
CPLA,0001104349,1
VTAE,0001157602,1
AOD,0001379400,1
SFDL,0000818677,1
SAIC,0001571123,1
CNXR,0001211759,1
OMER,0001285819,1
TFM,0001489979,1
EMG,0001494448,1
CCLP,0001449488,1
FBCM,0001371446,1
TYLS,0001524025,1
NEWP,0000225263,1
RGNX,0001590877,1
WRE,0000104894,1
FIZZ,0000069891,1
PWX,0000831968,1
NE,0001458891,1
CIVI,0001608638,1
LOR,0001323206,1
MYF,0000882153,1
AFCO,0001474777,1
DMTX,0001592288,1
MWW,0001020416,1
ITT,0000216228,1
GTLS,0000892553,1
EXAC,0000913165,1
MTBC,0001582982,1
RL,0001102238,1
SVU,0000095521,1
POZN,0001059790,1
KND,0001060009,1
AEGR,0001338042,1
AJRD,0000040888,1
XCOM,0001122051,1
PJC,0001230245,1
BLD,0001633931,1
DXYN,0000029332,1
MTCH,0001575189,1
SQ,0001512673,1
TE,0000350563,1
GDEF,0001583513,1
HPE,0001645590,1
GGP,0001496048,1
FCVA,0001373525,1
EXAM,0001498021,1
CVC,0001053112,1
SUGR,0001592407,1
BX,0001393818,1
SPLS,0000791519,1
MDVN,0001011835,1
SPP,0001362705,1
EEP,0000880285,1
HRT,0000819689,1
IEGH,0001627811,1
CFDB,0001651987,1
RPM,0000110621,1
MFT,0000891188,1
VOL,0000103872,1
SHLM,0001521373,1
MBVT,0000726517,1
NUUU,0001481427,1
QCOM,0000804328,1
PGR,0000080661,1
IMPV,0001364962,1
BCRH,0001582086,1
EGOV,0001065332,1
INVN,0001294924,1
CAVM,0001175609,1
ABAX,0000881890,1
DATA,0001303652,1
OUTR,0000941604,1
JEC,0000052988,1
AXE,0000052795,1
VLP,0001583103,1
MDSO,0001453814,1
PNR,0000077360,1
AVXS,0001652923,1
ESND,0000355999,1
CCS,0001576940,1
HTWR,0001389072,1
EVER,0001502749,1
BXLT,0001620546,1
NXST,0001142417,1
CGO,0001285650,1
ALDW,0001556766,1
VVC,0001096385,1
RDEN,0000095052,1
SO,0000092122,1
PSF,0001498612,1
BYLK,0000275519,1
UAN,0001425292,1
FNBC,0001496631,1
RUTH,0001324272,1
AVGR,0001506928,1
EFOI,0000924168,1
CBM,0000820081,1
WES,0001414475,1
TSRO,0001491576,1
AJG,0000354190,1
FLC,0001245648,1
WMAR,0000912833,1
DWRE,0001301031,1
BTZ,0001379384,1
LMCA,0001560385,1
AEIS,0000927003,1
NA,0001634453,1
GAB.J,0000794685,1
MMU,0000886043,1
CGWL,0001562151,1
BATS,0001659228,1
ARA,0001498068,1
FNFG,0001051741,1
LQ,0001594617,1
H,0001468174,1
MKSI,0001049502,1
STRA,0001013934,1
ICON,0000857737,1
GGZ.A,0001585855,1
HBK,0001551739,1
MN,0001524223,1
MSCC,0000310568,1
PEN,0001321732,1
AXPLF,0001506374,1
ZBRA,0000877212,1
BAX,0000010456,1
ADAP,0001621227,1
COTV,0001657197,1
RPXC,0001509432,1
WDC,0000106040,1
TRVN,0001429560,1
TTNP,0000910267,1
GUT.C,0001080720,1
PRTO,0001359931,1
AIRI,0001009891,1
VIVMF,0000879682,1
XBLCX,0001616980,1
OSGIQ,0000075208,1
CNIG,0001582244,1
GDV.G,0001260729,1
MIIIU,0001652362,1
CPAA,0001672985,1
DRII,0001566897,1
SGB,0000315849,1
CTIB,0001042187,1
TYPE,0001385292,1
LAZ,0001311370,1
HW,0001003344,1
HAE,0000313143,1
RTEC,0001094392,1
HHY,0001062978,1
ATMR,0001420520,1
DEL,0001022469,1
MUSA,0001573516,1
DCA,0001506488,1
GHDX,0001131324,1
AIRM,0000816159,1
GENC,0000064472,1
WSBF,0001569994,1
MSGN,0001469372,1
WKHS,0001425287,1
INCR,0001610950,1
NOVN,0001467154,1
CYH,0001412824,1
NCIT,0001334478,1
VNRX,0000093314,1
COUP,0001385867,1
ALNY,0001178670,1
AAPC,0001630940,1
NTNX,0001618732,1
BHV,0001169034,1
AWRE,0001015739,1
AWI,0000007431,1
QTNA,0001370702,1
SGF,0000864415,1
ONVI,0001100917,1
SRAX,0001538217,1
NRESF,0001663712,1
APLP,0001367064,1
STRZA,0001507934,1
APPY,0001167419,1
CPAH,0001236997,1
TR,0000098677,1
ETX,0001563696,1
FT,0000833040,1
MZF,0001235511,1
ITNM,0001097430,1
CZBS,0000356276,1
GLYC,0001253689,1
ARCX,0001583744,1
SWFT,0000351817,1
FDML,0001419581,1
VCV,0000895531,1
DMPI,0001498382,1
NXP,0000883618,1
CSCO,0000858877,1
GIMO,0001484504,1
NA,0001627515,1
EXXI,0001404973,1
OMNT,0001097792,1
CQH,0001582966,1
MTGE,0001516973,1
ADUS,0001468328,1
CHS,0000897429,1
CETXP,0001435064,1
CUR,0001357459,1
BLCM,0001358403,1
LRY,0000921112,1
GLA,0001014111,1
NSM,0001520566,1
MBCQ,0001617291,1
BAF,0001181026,1
HAWK,0001411488,1
TWLO,0001447669,1
TTF,0000822794,1
KSF,0001072627,1
FSLR,0001274494,1
PRCP,0000887226,1
CPTP,0000202947,1
GDI,0001699150,1
DRE,0000783280,1
SRNTX,0001665056,1
MYRG,0000700923,1
USG,0000757011,1
KEYS,0001601046,1
NVLN,0000827809,1
BKT,0000832327,1
CNACU,0001651944,1
TNTR,0001554875,1
ALDR,0001423824,1
ESDI,0001534708,1
UTG.OB,0000832480,1
ETSY,0001370637,1
BAH,0001443646,1
CECO,0001046568,1
XBKS,0001143155,1
ZRPTIX,0001542447,1
BRQS,0001650575,1
ATACU,0001680873,1
SSW,0001332639,1
GCV,0000845611,1
MUE,0001071899,1
RMPLX,0001644771,1
SFS,0001563407,1
EAGL,0001647088,1
ECF.A,0000793040,1
FPAY,0001397047,1
LB,0000701985,1
GGT.E,0000921671,1
STS,0000350846,1
RCRIX,0001679230,1
SNNF,0001708715,1
MNKD,0000899460,1
HAIR,0001409269,1
GNT.A,0001438893,1
DXCM,0001093557,1
MYD,0000879361,1
AUTO,0001023364,1
JNPR,0001043604,1
MHLD,0001412100,1
LPTX,0001509745,1
WBBW,0001553326,1
ASNS,0001501697,1
CIK,0001396167,1
BRPAU,0001719406,1
CCOI,0001158324,1
GIG.U,0001719489,1
ZAYO,0001608249,1
DNLI,0001714899,1
SAIL,0001627857,1
SITO,0001157817,1
VLTC,0001568319,1
ACER,0001069308,1
JMF,0001582817,1
CASA,0001333835,1
UBOF,0001137547,1
NINE,0001532286,1
MNLO,0001566044,1
BFFI,0001618798,1
SANM,0000897723,1
EVG,0001287498,1
SNYL,0000095953,1
IRM,0001020569,1
FN,0001408710,1
BLL,0000009389,1
LHO,0001053532,1
LPNT,0001301611,1
KML,0001714973,1
CERS,0001020214,1
ZS,0001713683,1
TIBRU,0001662253,1
HRGG,0001700175,1
VCEL,0000887359,1
ARPO,0001422142,1
APHB,0000921114,1
BPL,0000805022,1
PBIB,0001358356,1
BDMS,0000948072,1
SURF,0001718108,1
DGICB,0000800457,1
HF,0001380509,1
INSP,0001609550,1
BKN,0000894242,1
VNRR,0001384072,1
MPO,0001533924,1
AAON,0000824142,1
KNSA,0001730430,1
FMY,0001319183,1
NRP,0001171486,1
GSAH,0001674101,1
RESN,0001579910,1
GTXI,0001260990,1
MCF,0001071993,1
BJ,0001531152,1
LLEX,0001437557,1
NTGN,0001694187,1
XXXX,0001729895,1
GRMC,0000059860,1
TLRY,0001731348,1
XRX,0000108772,1
GLACU,0001735041,1
OCPAX,0001725472,1
IDRA,0000861838,1
FMCIU,0001741231,1
PPC,0000802481,1
ELF,0001600033,1
INWK,0001350381,1
XSPL,0001717556,1
BNGO,0001411690,1
INNT,0001551986,1
LOACU,0001743858,1
MCRI,0000907242,1
PFNX,0001478121,1
XXXX,0001740076,1
GALT,0001133416,1
GRTS,0001656634,1
SVMK,0001739936,1
OCCI,0001716951,1
CTACU,0001743725,1
LTHM,0001742924,1
REIS,0001038222,1
SIBN,0001459839,1
ENLK,0001179060,1
PHAS,0001169245,1
JANL,0000890066,1
F,0000712537,1
SNHY,0001024795,1
MTH,0000833079,1
BFC,0001746109,1
AAXN,0001069183,1
USWS,0001670349,1
KAAC,0001692787,1
CALL,0001005699,1
CVIA,0001722287,1
NRCG,0001703038,1
ATKR,0001666138,1
BKI,0001627014,1
GLU,0001282957,1
THOR,0001609727,1
CUO,0000024104,1
YRIV,0001487843,1
CJ,0001615817,1
CDK,0001609702,1
GLIBA,0000808461,1
NBH,0001178839,1
NMI,0000830271,1
NUW,0001450445,1
MHN,0001038186,1
BSE,0001181024,1
BNY,0001137390,1
BFY,0001176197,1
FWONA,0001560385,1
KEM,0000887730,1
AVDR,0001343304,1
TCRR,0001750019,1
CNXM,0001610418,1
BSIG,0001611702,1
CONE,0001553023,1
HUNT,0001679450,1
TLRA,0001375796,1
SHLL,0001759631,1
SWAV,0001642545,1
CHFS,0001506492,1
JHAA,0001753217,1
MOBL,0001470099,1
ROAN,0001326428,1
BICX,0001443863,1
TW,0001758730,1
BYND,0001655210,1
TRVI,0001563880,1
HNGR,0000722723,1
AG,0001308648,1
NHA,0001655544,1
GIX.U,0001770141,1
VC,0001111335,1
SONM,0001178697,1
GDV.H,0001260729,1
MSB,0000065172,1
AXGT,0001636050,1
CRWD,0001535527,1
ARQL,0001019695,1
BME,0001314966,1
AMK,0001591587,1
CPAA,0001776661,1
SBE.U,0001777393,1
FLLCU,0001771928,1
BCDA,0000925741,1
TCO,0000890319,1
KTF,0000839533,1
WIFI,0001169988,1
STT,0000093751,1
IHTM,0001400891,1
SUPN,0001356576,1
ACHC,0001520697,1
MIK,0001593936,1
RARE,0001515673,1
MDLA,0001540184,1
ORBC,0001361983,1
LTRPA,0001606745,1
SWTX,0001773427,1
FCRUX,0001688897,1
GGO.A,0001635193,1
APXTU,0001777921,1
GNLN,0001743745,1
FGB,0001392994,1
SMTI,0000714256,1
RLMD,0001553643,1
AGTX,0001603345,1
FSRVU,0001785424,1
CYRX,0001124524,1
SRACU,0001781162,1
BCEI,0001509589,1
SITM,0001451809,1
STML,0001264587,1
STND,0001492915,1
HCCOU,0001791091,1
GGT.G,0000921671,1
GAB.K,0000794685,1
TSIFX,0001725295,1
BOE,0001320375,1
PHK,0001219360,1
OSMT,0001739426,1
PGEN,0001356090,1
PPD,0001793294,1
RUSH,0001012019,1
ESSC,0001760683,1
AMNB,0000741511,1
BCOW,0001751692,1
JPI,0001547994,1
OC,0001370946,1
RVLV,0001746618,1
ASGN,0000890564,1
HXL,0000717605,1
HE,0000354707,1
VLO,0001035002,1
BGX,0001504234,1
OTTR,0001466593,1
WEYS,0000106532,1
GWPH,0001351288,1
FHI,0001056288,1
IMAX,0000921582,1
BCEL,0001532346,1
THO,0000730263,1
DELL,0001571996,1
ACA,0001739445,1
ESGR,0001363829,1
ABG,0001144980,1
NASDAQ,0001304492,1
PLMR,0001761312,1
TOL,0000794170,1
NNN,0000751364,1
CIK,0001305767,1
WSM,0000719955,1
APTO,0000882361,1
AMCI,0001744494,1
FNNIX,0001737268,1
SIEB,0000065596,1
DFS,0001393612,1
AIG,0000005272,1
YETI,0001670592,1
FC,0000886206,1
HST,0001070750,1
AYLA,0001797336,1
NNI,0001258602,1
SSPK,0001779474,1
SCI,0000089089,1
GIK.U,0001802749,1
CARR,0001783180,1
HFFG,0001680873,1
NARI,0001531048,1
RCL,0000884887,1
ALK,0000766421,1
FACP,0001521373,1
TLND,0001668105,1
UBX,0001463361,1
DRIO,0001533998,1
MCACU,0001803914,1
DDS,0000028917,1
PYN,0001181505,1
LTRN,0001763950,1
LIVN,0001639691,1
PRSI,0000079661,1
SOLY,0001548187,1
EDI,0001508123,1
PANA,0001811063,1
NCNO,0001566895,1
BCLI,0001137883,1
NKTK,0001787400,1
RLAY,0001812364,1
JAMF,0001721947,1
GRCYU,0001768910,1
SSB,0000764038,1
GSIT,0001126741,1
CHX,0001723089,1
CRON,0001656472,1
ZIXI,0000855612,1
HTLFP,0000920112,1
WEYL,0001335112,1
LMAT,0001158895,1
NEON,0000087050,1
RVP,0000946563,1
PNBK,0001098146,1
NAVB,0000810509,1
XSILX,0001785957,1
BCTG,0001819133,1
AMST,0001807166,1
GOVX,0000832489,1
PMVP,0001699382,1
NWN,0001733998,1
AVAN,0001819608,1
VGAC.U,0001804591,1
VYGG,0001822877,1
CCXX,0001793229,1
SPRB,0001683553,1
ARYB,0001805387,1
EAR,0001719395,1
BTWNU,0001815086,1
HLXA,0001821586,1
RSF,0001678130,1
SRSA,0001821682,1
BMRA,0000073290,1
TEKK,0001822027,1
CERF,0001805387,1
CYBE,0000768411,1
APVO,0001671584,1
NBA.U,0001823882,1
QQQX,0001608741,1
DIAX,0001608742,1
ADOC,0001824884,1
NOAC,0001824888,1
CPST,0001009759,1
FVAC,0001801368,1
CAS.U,0001822309,1
CLA,0001816581,1
DMAC,0001401040,1
SBTX,0001671858,1
MVT,0000897269,1
BYM,0001181187,1
TSBK,0001046050,1
AFT,0001526697,1
AYTU,0001385818,1
LSYN,0001667489,1
IMKTA,0000050493,1
BGY,0001393299,1
ACKIU,0001790121,1
CFIV,0001825249,1
ALTA,0001636286,1
AGCB,0001830232,1
SWBK.U,0001829730,1
KAIRU,0001824171,1
OMEG,0001832010,1
EPWR,0001825720,1
SVFA,0001828478,1
FCEL,0000886128,1
NC,789933,1
DFH,0001825088,1
LMACA,0001831992,1
BLUA,0001831006,1
BCACU,0001814140,1
JWSM,0001831359,1
LHDX,0001652724,1
VOR,0001817229,1
NOG,0001104485,1
DSP,0001828791,1
YAYO,0001691077,1
LGVN,0001721484,1
VRPX,0001708331,1
NEXI,0001538210,1
PRCIX,0000080249,1
QUIK,0000882508,1
FSII,0001822711,1
FSRXU,0001834336,1
CFVI,0001830081,1
IBERU,0001835205,1
NDAC,0001837067,1
KBNT,0001729750,1
ROCRU,0001839412,1
CFII,0001811856,1
VIEW,0001811856,1
INTZ,0000736012,1
LHAA,0001841948,1
ICPT,0001270073,1
BWEN,0001120370,1
SVFB,0001837238,1
SVFC,0001837240,1
SGAMU,0001820201,1
HAYW,0001834622,1
VYNE,0001566044,1
FRONU,0001842223,1
PLMI,0001840317,1
MCADU,0001840856,1
CFFE,0001839530,1
VEI,0001693853,1
GLHA,0001841734,1
TIL,0001789769,1
MOVE,0001734750,1
VZIO,0001835591,1
SEMR,0001831840,1
IKNA,0001835579,1
RPLA,0001763731,1
COUR,0001651562,1
PANA,0001828989,1
EVRG,0001711269,1
ADF,0001840776,1
GLSPU,0001821169,1
TTCF,0001741231,1
AURCU,0001835856,1
NPCE,0001528287,1
AGTI,0001749704,1
KNBE,0001664998,1
STPK,0001758766,1
NA,0001543188,1
SVC,0000945394,1
UBCO,0000731653,1
BWMN,0001847590,1
VLDR,0001745317,1
RXT,0001810019,1
GMTX,0001816736,1
VVOS,0001716166,1
IDXG,0001054102,1
DISCK,0001437107,1
POWW,0001015383,1
KRBP,0001792581,1
MBBS,0001835385,1
FWAC,0001847874,1
PAY,0001841156,1
PETV,0001512922,1
PUBM,0001422930,1
PWFL,0001774170,1
AEI,0001750106,1
WLMS,0001136294,1
AUGX,0001769804,1
CHRS,0001512762,1
SNPX,0001571934,1
ATI,0001815849,1
CNVY,0001787640,1
ZRPTDX,0001542447,1
FIII,0001784168,1
FEMY,0001339005,1
DNAY,0001850079,1
BRST,0000764897,1
WWR,0000839470,1
RACA,0001811764,1
MCAFU,0001853774,1
GGGV,0001856519,1
OBTX,0001730869,1
BRDG,0001854401,1
CLOE,0001849058,1
ARDS,0001614067,1
KLTR,0001432133,1
NEBC,0001826018,1
HOOD,0001783879,1
DALS,0001863294,1
MEAC,0001849902,1
INAB,0001740279,1
COOK,0001857853,1
TNYA,0001858848,1
EWCZ,0001856236,1
ROCGU,0001855447,1
ADGI,0001832038,1
LEGO,0001820272,1
ELYM,0001768446,1
ARNA,0001080709,1
CFAC,0001818644,1
LVOX,0001723648,1
APMIU,0001857662,1
ONVO,0001497253,1
PHIC,0001825724,1
KOPN,0000771266,1
RFL,0001713863,1
CYXT,0001794905,1
CMAX,0001813914,1
GGT,0000921671,1
REE,0001843588,1
LIDR,0001818644,1
DWACU,0001849635,1
GNSS,0000924383,1
RBOT,0001812173,1
HHGC,0001822886,1
ESMT,0001863105,1
STPC,0001830210,1
LATN,0001766146,1
GATEU,0001838513,1
IBRX,0001326110,1
ISO,0001615055,1
LCW,0001847577,1
KURI,0001836967,1
INKT,0001840229,1
LUCD,0001799011,1
CNTX,0001842952,1
SDIG,0001856028,1
ENFN,0001868912,1
GOGN.U,0001852940,1
TMTS,0001822553,1
IOAC,0001854275,1
SONX,0001407973,1
BRDS,0001861449,1
KIND,0001846069,1
SZZLU,0001829322,1
BEAT,0001779372,1
VIRX,0001061027,1
DOMA,0001722438,1
LPRO,0001806201,1
REKR,0001697851,1
ISPC,0001558569,1
PLTK,0001828016,1
HYRE,0001713832,1
ZY,0001645842,1
BLBX,0001567900,1
MNDT,0001370880,1
NETC.U,0001854458,1
FHBI,0001649739,1
HYZN,0001716583,1
RKLY,0001852117,1
CLOV,0001801170,1
ETY,0001340736,1
ETJ,0001395325,1
JWN,0000072333,1
IONM,0001798270,1
NJR,0000356309,1
ANEB,0001815974,1
BSY,0001031308,1
EBTC,1018399,1
ROCLU,0001885998,1
ROCAU,0001884516,1
HNST,0001530979,1
CMMB,0001534248,1
BOXD,0001828672,1
FXCOU,0001817565,1
GIC,0000945114,1
GFGD,0001876714,1
HTBK,1053352,1
IOT,0001642896,1
CFFS,0001839519,1
AMTX,0000738214,1
KACLU,0001865468,1
AUVI,0001811109,1
EUSG,0001832505,1
PRDS,0001822711,1
RAD,0000084129,1
OPPA,0001678130,1
GLS,0001805087,1
WTMAU,0001866226,1
PIII,0001832511,1
TETE,0001900679,1
AIB,0001882963,1
CRDO,0001807794,1
GRNA,0001822691,1
SES,0001819142,1
SOTK,0000806172,1
MODD,0001074871,1
RMMZ,0001771226,1
RACY,0001860484,1
MTTR,0001819394,1
CTRA,0000858470,1
CLIN,0001883984,1
GWH,0001819438,1
FGMC,0001906133,1
TNC,0001739104,1
RGTI,0001838359,1
LTIFX,0001496254,1
GDV.K,0001260729,1
BIRD,0001653909,1
SEAT,0001856031,1
STEM,0001758766,1
PRCH,0001784535,1
EMFLX,0001851077,1
BCIC,0001811972,1
NHPIF,0001851322,1
DC,0001852353,1
MSSA,0001882464,1
DECA,0001913577,1
EE,0001888447,1
CHSCN,0000823277,1
SV,0001822966,1
SOLRX,0001844890,1
NA,0001742951,1
ZWS,0001439288,1
CFSB,0001879103,1
DSEY,0001831617,1
PARA,0000813828,1
SRGA,0001760173,1
TCMI,0001630627,1
AIRS,0001870940,1
XZELX,0001809051,1
CWK,0001628369,1
LINK,0000828146,1
SHLS,0001831651,1
GROV,0001841761,1
CAFLX,0001911795,1
ECF.B,0000793040,1
ACU,0000002098,1
MAIA,0001878313,1
FEO,0001363438,1
CTIC,0000891293,1
ENDI,0001908984,1
APYX,0000719135,1
PXMD,0001811623,1
MRVL,0001835632,1
MTVC,0001885754,1
EFHT,0001922858,1
TASK,0001829864,1
PCK,0001170300,1
MSGE,0001795250,1
LPTV,0001643988,1
FONR,0000355019,1
LGF.A,0000929351,1
CNTQ,0001847986,1
CVGVW,0001133470,1
CRBG,0001889539,1
ESAB,0001877322,1
EGY,0000894627,1
ARTNA,0000863110,1
IAC,0001800227,1
LFCR,0000028626,1
TMAC,0001835236,1
CRNC,0001768267,1
WRAC,0001855168,1
BCTX,0001610820,1
GCV.G,0000845611,1
KA,0001445283,1
GHSI,0001642375,1
ISRL,0001915328,1
CHSCM,0000823277,1
SOUN,0001840856,1
NA,0001885778,1
MSGM,0001821175,1
CENQU,0001841425,1
DISTU,0001818605,1
RCM,0001910851,1
ELVN,0001672619,1
ALHC,0001832466,1
EVN,0001074540,1
TBMCU,0001934945,1
BSTG,0001563665,1
FBSPX,0001794041,1
SLRN,0001962918,1
SSRM,0000921638,1
ONL,0001873923,1
VTNR,0000890447,1
APLD,0001144879,1
HOFV,0001708176,1
VGAS,0001841425,1
SIRE,0001575051,1
CBRG,0001845149,1
LIFX,0001581760,1
SMAR,0001366561,1
BOF,0001962481,1
AZTR,0001701478,1
AULT,0000896493,1
NETD.U,0001975218,1
BVFL,0001302387,1
ELIQ,0001827871,1
MIRA,0001904286,1
VTGN,0001411685,1
DPSI,0001505611,1
POWWP,0001015383,1
HLGN,0001840292,1
PPSI,0001449792,1
HEPA,0001583771,1
RYZB,0001825367,1
QETAU,0001978528,1
AMAM,0001990550,1
LUXH,0001893311,1
MUI,0001232860,1
SGN,0001898474,1
SCU,0001403256,1
GREE,0001844971,1
AVNT,0001122976,1
BKE,0000885245,1
OAK-PA,0001403528,1
MDAI,0001833498,1
PTY,0001190935,1
AFJK,0001979005,1
CTCX,0001842939,1
BEEP,0001847874,1
SING,0001443611,1
LQR,0001843165,1
MOBX,0001855467,1
ELTX,0001601485,1
ADEX.U,0001830029,1
LSXMK,0001082114,1
LSXMA,0001082114,1
LCPMX,0001869040,1
PNF,0001140410,1
CGON,0001991792,1
HLXB,0001869105,1
MGX,0001785279,1
TELO,0001971532,1
NWE,0001993004,1
CFNB,0000803016,1
STHO,0001953366,1
SKYE,0001516551,1
FECOF,0001818416,1
ARWR,0000879407,1
ALAB,0001736297,1
MMIRX,0001995668,1
MMIPX,0001995668,1
MMIOX,0001995668,1
MMIVX,0001995668,1
RDDT,0001713445,1
BOLD,0001782303,1
PGY,0001883085,1
ULS,0001901440,1
LOAR,0002000178,1
VMD,0001729149,1
BII,0001955857,1
TMP,0001005817,1
LFWD,0001607962,1
AMSF,0001018979,1
BCOW,0001847360,1
Z,0001617640,1
KPRX,0001372514,1
CATX,0000728387,1
ALNT,0000046129,1
FSHP,0001850059,1
CNGL,0001867443,1
VETZ,0001742912,1
PDCC,0001998043,1
AAM,0002012964,1
CEP,0001865602,1
EQVU,0002021042,1
ATLN,0001605888,1
DALN,0001413898,1
CGNT,0001824814,1
HCWC,0001948864,1
YHNAU,0002020987,1
CAPR,0001133869,1
ARQ,0001515156,1
BKV,0001838406,1
GRAL,0001699031,1
UPB,0002022626,1
VERB,0001566610,1
SNYR,0001562733,1
EIIA,0001896036,1
SNWVD,0001417663,1
NWTOU,0002028027,1
BACQ,0002028707,1
ARDT,0001756655,1
AVTX,0001534120,1
FPMYX,0001957121,1
VALF,0002022674,1
SUAC,0001885461,1
NEM,0001164727,1
GAIAX,0002026098,1
CEAD,0001482541,1
INVX,0001042893,1
ODIF,0001870714,1
XPRO,0001575828,1
PLES,0001625101,1
MCN,0001289868,1
GCT,0001857816,1
LFCR,0001005286,1
CEPO,0002027708,1
XALFX,0002022674,1
BBNX,0001674632,1
MTSR,0002040807,1
KFII,0002029976,1
HL,0000719413,1
EXG,0001379438,1
GCADX,0001796242,1
FERA,0002025401,1
AORT,0000784199,1
CLMT,0002013745,1
NATL,0001974138,1
BUR,0001714174,1
SERV,0001832483,1
OMCL,0000926326,1
IMCR,0001671927,1
RIOT,0001167419,1
TAKNX,0001725472,1
GSHR,0002044635,1
XALFA,0002022674,1
SSII,0001676163,1
SZZL,0002030663,1
SOUL,0002025608,1
AREB,0001648087,1
RMMZ,0001817159,1
WFRD,0001603923,1
NPAC,0002048948,1
SKAS,0001128281,1
CEPT,0002034269,1
FNMA,0000310522,1
SW,0002005951,1
EGHA,0002052547,1
CIVI,0001509589,1
SHOO,0000913241,1
PRKAD,0001297937,1
JBIO,0001798749,1
CCCXU,0002007825,1
CCCM,0002056263,1
OYSE,0002042182,1
EMD,0001227862,1
KCHV,0002053799,1
JENA,0002060337,1
SBET,0001981535,1
CHYM,0001795586,1
BACC,0002059654,1
AXINU,0002057030,1
CAEP,0002034268,1
GCV.H,0000845611,1
FIGX,0002059033,1
EXOZ,0002010788,1
PBLDX,0002046200,1
DSCRX,0002022290,1
HELE,0000916789,1
BMNR,0001829311,1
RFMZ,0001870833,1
LRHC,0001879403,1
CARL,0001794546,1
UPXI,0001775194,1
BMASX,0002032432,1
FTV,0001659166,1
BCAR,0002065779,1
AUR,0001828108,1
FUN,0001999001,1
FLY,0001860160,1
AVBH,0001443575,1
COLM,0001050797,1
PRKA,0001297937,1
FIVN,0001288847,1
TBCH,0001493761,1
PEW,0002051380,1
CEPF,0002034267,1
BKKT,0001820302,1
STSS,0001737995,1
TZUP,0001853825,1
ZLAB,0001704292,1
LGN,0002052568,1
SVCO,0001943289,1
PAMT,0000798287,1
LBRX,0001691082,1
NTSK,0002063196,1
PTRN,0001811935,1
TONX,0001566610,1
MUNEX,0001232860,1
UAMY,0000101538,1
GGZ.E,0001585855,1
EMIS,0002075816,1
PHXE.P,0001818643,1
LAC,0001966983,1
GGROU,0001489874,1
BGC,0001094831,1
BNC,0001482541,1
ALH,0001317685,1
QNRX,0001671502,1
NEUP,0001191070,1
MLPT,0001770069,1
XASIX,0002058263,1
VACI,0002080023,1
CEPV,0002034266,1
BETA,0001784570,1
GBFH,0001791145,1
LUNR,0001844452,1
NAGE,0001386570,1
AIN,0000819793,1
DJT,0001849635,1
TSSI,0001320760,1
GLOO,0002069785,1
OESX,0001409375,1
PGIWX,0001989582,1
PACS,0002001184,1
KCHV,0002076739,1
HYNE,0002073153,1
CBIO,0001253689,1
NWAX,0002074878,1
FIGR,0002064124,1
LFAC,0002084563,1
ARE,0001035443,1
TWLV,0002052243,1
ELWT,0002063863,1
CVR,0000019871,1
HTFL,0001464521,1
RKMIX,0002033164,1
CCXIU,0002074973,1
MBAV,0002016072,1
MDLN,0002046386,1
FWDI,0000038264,1
GAB.Q,0000794685,1
MONIX,0001867714,1
BDL,0000012040,1
OSG,0000874501,1
PRIVX,0001557265,1
QTIH,0001844505,1
EQPT,0001693736,1
HLXC,0002099656,1
USAR,0001970622,1
EMPD,0001829794,1
MLAA,0002094265,1
YSS,0002086587,1
MUZE,0002093484,1
BCAL,0001795815,1
TVA,0002033991,1
LW,0001679273,1
BOBS,0002085187,1
CEPS,0002089536,1
OFRM,0001696556,1
HCIC,0002099093,1
CING,0001862150,1
CAQ,0002100125,1
IMDX,0001642380,1
NBHC,0001475841,1
BGR,0001306550,1
CMIIU,0002088805,1
XFLH,0002088103,1
GGN,0001313510,1
APC,0002080921,1
WLIIU,0002083946,1
CEVA,0001173489,1
TRGS,0002098780,1
ZURA,0001855644,1
NA,0001938649,1
AHRT,0001569187,1
RVI,0002085091,1
INDV,0001625297,1
BBBY,0001130713,1
KRRO,0001703647,1
SUMA,0002105838,1
DCH,0001062231,1
ARKO,0001823794,1
GPGI,0001823144,1
PHR,0001412408,1
TTAM,0002035304,1
JAN,0002100805,1
BORR,0001715497,1
KMTS,0001877184,1
IPX,0001898601,1
PAGS,0001712807,1
SATL,0001874315,1
QFIN,0001741530,1
